step,reward,bottom_target_delta_x,bottom_target_delta_y,bottom_target_delta_z,body_quat_w,body_quat_x,body_quat_y,body_quat_z,bottom_height,linear_velocity_x,linear_velocity_y,linear_velocity_z,angular_velocity_x,angular_velocity_y,angular_velocity_z,tvc_yaw_angle,tvc_pitch_angle,tvc_yaw_velocity,tvc_pitch_velocity,foot1_contact,foot2_contact,foot3_contact,foot4_contact,main_motor_power,phase_climb,phase_flip,phase_recovery,phase_hover,phase_done,task_flip_progress,task_hover_timer_fraction,phase_target_delta_z,phase,success,fail,fail_reason,phase_bonus,flip_progress,hover_timer,climb_ready_timer,upright_score,rel_dist,linear_speed,angular_speed,joint_speed,height,main_thrust_newton
1,358.35198814583794,0.0006417398108169436,0.0027087596245110035,-3.944924831390381,0.9999924898147583,-0.003787606954574585,0.0008414298645220697,0.00014874115004204214,8.944925308227539,-0.013568255119025707,-0.009972690604627132,0.08842279762029648,-1.136197566986084,0.29790201783180237,0.08477180451154709,0.16792820394039154,-0.17532198131084442,24.49648666381836,-25.280515670776367,0.0,0.0,0.0,0.0,1.0,0.0,1.0,0.0,0.0,0.0,0.0,0.0,1.0550751686096191,flip,False,False,,350.0,0.0,0.0,0.0,0.9999700135986337,0.00278373996136505,0.09001190333953324,1.1776573436796518,35.202022967816404,8.944924836820393,35.30394
2,17.11706826085773,0.005900738760828972,0.010216563008725643,-3.947753667831421,0.9998888373374939,-0.013181215152144432,0.00680582644417882,0.0014929765602573752,8.94775390625,-0.14285916090011597,-0.10567452013492584,0.2313474416732788,-0.9993380308151245,1.2868672609329224,0.08285021781921387,0.47844213247299194,-0.6591929197311401,6.888800144195557,-17.55755615234375,0.0,0.0,0.0,0.0,0.9999878406524658,0.0,1.0,0.0,0.0,0.0,0.003276980482041836,0.0,1.0522464513778687,flip,False,False,,0.0,0.003276980553194491,0.0,0.0,0.9995594772362214,0.01179817269290719,0.2917147361625797,1.6314312745641555,18.860630369022825,8.947753598529731,35.30351072712421
3,44.77562399132899,0.02163791097700596,0.016819549724459648,-3.952605962753296,0.9995507001876831,-0.018799610435962677,0.023320026695728302,0.001064466079697013,8.952606201171875,-0.3644416332244873,-0.21290627121925354,0.31360501050949097,-0.3663046360015869,2.873588800430298,-0.1142742708325386,0.320569783449173,-0.7953381538391113,-26.403017044067383,-3.389925718307495,0.0,0.0,0.0,0.0,0.999793529510498,0.0,1.0,0.0,0.0,0.0,0.010594514198601246,0.0,1.047394037246704,flip,False,False,,0.0,0.010594514364802724,0.0,0.0,0.9982048849819756,0.027406140063329015,0.5258278204008233,2.899094743003497,26.619746953346326,8.95260594160321,35.29665077822685
4,62.752949390864714,0.04993060976266861,0.024733973667025566,-3.960110664367676,0.9983170628547668,-0.024838034063577652,0.05239848792552948,-0.0007024174556136131,8.960110664367676,-0.5938137173652649,-0.23440459370613098,0.40836986899375916,-1.3099565505981445,4.373832702636719,-0.19801227748394012,-0.025114821270108223,-0.8215646743774414,-9.15431022644043,-0.5308459997177124,0.0,0.0,0.0,0.0,0.9997953176498413,0.0,1.0,0.0,0.0,0.0,0.02173238806426525,0.0,1.0398893356323242,flip,False,False,,0.0,0.021732387340872905,0.0,0.0,0.9932756487243021,0.05572104689571396,0.7578431021209439,4.570077191772094,9.169689099092999,8.960110689561963,35.29671390659094
5,76.05405059669542,0.08940659463405609,0.03338265046477318,-3.971907615661621,0.9951880574226379,-0.03238219767808914,0.0924314484000206,-0.0029326952062547207,8.971907615661621,-0.8093893527984619,-0.1997872292995453,0.5147473812103271,-0.22051109373569489,5.634182453155518,-0.22657984495162964,-0.23837117850780487,-0.8234986662864685,-24.717506408691406,0.11743836849927902,0.0,0.0,0.0,0.0,1.0,0.0,1.0,0.0,0.0,0.0,0.03607971593737602,0.0,1.028092384338379,flip,False,False,,0.0,0.03607971514745781,0.0,0.0,0.9808146995204042,0.09543553112207588,0.979791274324352,5.643046650491053,24.717784593569363,8.97190759356013,35.30394
6,89.75636798226314,0.13799850642681122,0.035876043140888214,-3.9891340732574463,0.9893791675567627,-0.03336626663804054,0.14131687581539154,-0.006711914669722319,8.989133834838867,-1.0050305128097534,-0.09087415784597397,0.6162427067756653,-0.22659578919410706,6.662583827972412,-0.29888245463371277,-0.5421555638313293,-0.8206712603569031,-6.223167419433594,0.19538161158561707,0.0,0.0,0.0,0.0,1.0,0.0,1.0,0.0,0.0,0.0,0.0530458465218544,0.0,1.0108659267425537,flip,False,False,,0.0,0.05304584576632682,0.0,0.0,0.957833404312957,0.14258568414587147,1.1824126345121246,6.673132755935867,6.226233757483791,8.989134070321299,35.30394
7,96.24478950846327,0.19345420598983765,0.037341147661209106,-4.0133843421936035,0.9796457886695862,-0.03630097955465317,0.19718985259532928,-0.009618927724659443,9.013384819030762,-1.174141526222229,0.046140119433403015,0.7239385843276978,-0.5984896421432495,7.498970985412598,-0.02086729370057583,-0.3776147663593292,-0.8178478479385376,26.70840835571289,0.1513945460319519,0.0,0.0,0.0,0.0,1.0,0.0,1.0,0.0,0.0,0.0,0.07214181870222092,0.0,0.9866154789924622,flip,False,False,,0.0,0.07214181876699202,0.0,0.0,0.9195980275296793,0.19702510450436378,1.3801537296895927,7.522844693806491,26.708837377271294,9.013384501621898,35.30394
8,105.1590776885166,0.25321489572525024,0.03472627326846123,-4.045889377593994,0.9653330445289612,-0.035930927842855453,0.2583163380622864,-0.010663461871445179,9.045889854431152,-1.2987831830978394,0.11364033818244934,0.8767620325088501,0.6330205798149109,8.173210144042969,0.2529209852218628,-0.02747325226664543,-0.8158533573150635,9.415666580200195,0.09976179897785187,0.0,0.0,0.0,0.0,0.9999996423721313,0.0,1.0,0.0,0.0,0.0,0.09295472502708435,0.0,0.9541105031967163,flip,False,False,,0.0,0.09295472762336514,0.0,0.0,0.8639622127152818,0.25558499899209836,1.5711344992994358,8.20158819648961,9.416195520813046,9.045889524507338,35.30392737432718
9,110.10668107924151,0.3145454525947571,0.028561238199472427,-4.087795734405518,0.9457951188087463,-0.031562983989715576,0.3230147659778595,-0.011697134003043175,9.08779525756836,-1.3788291215896606,0.1291908621788025,1.0516676902770996,-0.22090889513492584,8.71792984008789,0.3367505967617035,0.18979798257350922,-0.8145790100097656,24.95888900756836,0.06203177943825722,0.0,0.0,0.0,0.0,1.0,0.0,1.0,0.0,0.0,0.0,0.11515475809574127,0.0,0.9122044444084167,flip,False,False,,0.0,0.11515475475435828,0.0,0.0,0.7893314868432223,0.3158394965271072,1.738926355407205,8.727228073741683,24.958966717896114,9.087795580836856,35.30394
10,115.56945529487798,0.37482166290283203,0.02861281856894493,-4.140077590942383,0.9201326966285706,-0.034500569105148315,0.38999414443969727,-0.008372446522116661,9.140077590942383,-1.426293969154358,0.0584474615752697,1.2244433164596558,-0.5245856642723083,9.156861305236816,0.6020955443382263,0.6632341146469116,-0.8137927055358887,16.985334396362305,0.03809893876314163,0.0,0.0,0.0,0.0,1.0,0.0,1.0,0.0,0.0,0.0,0.1384725123643875,0.0,0.8599222898483276,flip,False,False,,0.0,0.13847251100980856,0.0,0.0,0.6934281479963279,0.3759121913932114,1.8806892420676704,9.191616891396052,16.985376963192646,9.140077682650292,35.30394
11,121.26103197725871,0.43175995349884033,0.03063606470823288,-4.201889514923096,0.8882500529289246,-0.03747375309467316,0.4578053653240204,-0.004675239324569702,9.201889038085938,-1.4537630081176758,-0.0784403383731842,1.3794670104980469,-1.125307559967041,9.52015495300293,0.43549713492393494,0.7903949022293091,-0.813317060470581,2.7800562381744385,0.022538311779499054,0.0,0.0,0.0,0.0,1.0,0.0,1.0,0.0,0.0,0.0,0.1627153903245926,0.0,0.7981105446815491,flip,False,False,,0.0,0.16271538643222036,0.0,0.0,0.5780198403353012,0.4328454997073703,2.0056193326330356,9.596318276143732,2.780147541468249,9.201889433812381,35.30394
12,123.01027629808387,0.4829532504081726,0.03974611684679985,-4.272824287414551,0.8496469259262085,-0.04724027216434479,0.5252311825752258,0.0008311684359796345,9.27282428741455,-1.440633773803711,-0.22313548624515533,1.5312803983688354,-2.104067325592041,9.819376945495605,0.23782214522361755,0.7963534593582153,-0.8130390048027039,-1.6100983619689941,0.013037457130849361,0.0,0.0,0.0,0.0,1.0,0.0,1.0,0.0,0.0,0.0,0.18772022426128387,0.0,0.7271758317947388,flip,False,False,,0.0,0.1877202243596711,0.0,0.0,0.443801115470972,0.4845860102962358,2.114245608850208,10.045089412603335,1.6101511484264754,9.272824179282189,35.30394
13,123.97173612847287,0.525722861289978,0.05591946095228195,-4.351985454559326,0.8040660619735718,-0.06395260244607925,0.591020941734314,0.009057917632162571,9.351985931396484,-1.3739666938781738,-0.35817092657089233,1.6804176568984985,-3.036491870880127,10.061726570129395,0.09093961864709854,0.7596637010574341,-0.8128789663314819,-2.488687753677368,0.00748824467882514,0.0,0.0,0.0,0.0,1.0,0.0,1.0,0.0,0.0,0.0,0.21334220468997955,0.0,0.6480144262313843,flip,False,False,,0.0,0.213342201673692,0.0,0.0,0.2932085520571588,0.5286884671028268,2.1999714102390557,10.5103235896178,2.4886989930730827,9.35198557453804,35.30394
14,124.88809931396669,0.5573970079421997,0.07766703516244888,-4.437957286834717,0.751374363899231,-0.08613164722919464,0.6539163589477539,0.020280366763472557,9.437957763671875,-1.2489798069000244,-0.474950909614563,1.8188096284866333,-3.7430872917175293,10.256246566772461,0.0009254314354620874,0.7137171030044556,-0.8127868175506592,-3.4572949409484863,0.004311820957809687,0.0,0.0,0.0,0.0,1.0,0.0,1.0,0.0,0.0,0.0,0.23945951461791992,0.0,0.5620425343513489,flip,False,False,,0.0,0.23945951940729812,0.0,0.0,0.1299494753127834,0.5627820050553233,2.2568999894489434,10.917934789548735,3.4572976519174627,9.43795747948414,35.30394
15,125.90546652506312,0.5756799578666687,0.10276225954294205,-4.528692722320557,0.6916453838348389,-0.11178984493017197,0.712723433971405,0.03398454561829567,9.528693199157715,-1.0658208131790161,-0.5660921931266785,1.9351259469985962,-4.295782089233398,10.411711692810059,-0.05906142294406891,0.6567453742027283,-0.8127337694168091,-3.3288254737854004,0.002519848756492138,0.0,0.0,0.0,0.0,1.0,0.0,1.0,0.0,0.0,0.0,0.26597273349761963,0.0,0.47130706906318665,flip,False,False,,0.0,0.2659727261236782,0.0,0.0,-0.040943395070651735,0.5847798987758684,2.2806022695219186,11.263257886204803,3.3288264456949395,9.528692931537517,35.30394
16,127.14221089614392,0.5787661671638489,0.12940777838230133,-4.621645450592041,0.6250753998756409,-0.13960422575473785,0.766350507736206,0.04998290538787842,9.6216459274292,-0.8300795555114746,-0.6274775862693787,2.017437219619751,-4.759490013122559,10.536523818969727,-0.0678933709859848,0.6209373474121094,-0.8127008080482483,-1.0462052822113037,0.0017040130915120244,0.0,0.0,0.0,0.0,1.0,0.0,1.0,0.0,0.0,0.0,0.2928037643432617,0.0,0.3783543109893799,flip,False,False,,0.0,0.2928037640096049,0.0,0.0,-0.21356483394520534,0.5930570457946027,2.269980886074448,11.561820485380686,1.0462067211150843,9.621645680967667,35.30394
17,128.34410639436274,0.5656909346580505,0.1555090695619583,-4.713817596435547,0.5521033406257629,-0.16798070073127747,0.8138774037361145,0.06758641451597214,9.713817596435547,-0.5520548820495605,-0.6621919274330139,2.0561892986297607,-4.980207443237305,10.638358116149902,-0.05598849430680275,0.6035805940628052,-0.8126775026321411,-1.623156189918518,0.0012346584117040038,0.0,0.0,0.0,0.0,1.0,0.0,1.0,0.0,0.0,0.0,0.31989413499832153,0.0,0.2861822247505188,flip,False,False,,0.0,0.31989412017824087,0.0,0.0,-0.3812279921406206,0.5866764838858346,2.229613783398745,11.746500006466107,1.6231566293330932,9.713817785745581,35.30394
18,129.2164735970066,0.5366424322128296,0.17859071493148804,-4.801986217498779,0.47356554865837097,-0.19541487097740173,0.8545869588851929,0.08502848446369171,9.801986694335938,-0.24140708148479462,-0.6682595610618591,2.042560338973999,-4.778422832489014,10.720701217651367,-0.10081470757722855,0.5442600250244141,-0.8126609325408936,-10.05354118347168,0.0008129715570248663,0.0,0.0,0.0,0.0,0.9999997615814209,0.0,1.0,0.0,0.0,0.0,0.3471941649913788,0.0,0.19801375269889832,flip,False,False,,0.0,0.34719416161051747,0.0,0.0,-0.537012110541404,0.5655791106676237,2.162614314168229,11.73784140025275,10.053541652718048,9.801986241506143,35.303931582884786
19,126.01717129834354,0.4946601092815399,0.19286543130874634,-4.882984161376953,0.39191070199012756,-0.21962672472000122,0.8883140087127686,0.09522787481546402,9.882984161376953,0.08768441528081894,-0.6145574450492859,1.9596236944198608,-3.446897029876709,10.758161544799805,-0.5162168741226196,0.14663808047771454,-0.8015944957733154,-40.24409866333008,1.6799726486206055,0.0,0.0,0.0,0.0,0.9999950528144836,0.0,1.0,0.0,0.0,0.0,0.37458959221839905,0.0,0.11701574176549911,flip,False,False,,0.0,0.3745895952006652,0.0,0.0,-0.6746753704924245,0.5309290992441278,2.0556007455391785,11.308652419786133,40.27914826647852,9.882984258749119,35.30376534485936
20,125.67652665911824,0.4442993998527527,0.19302941858768463,-4.954347133636475,0.31014207005500793,-0.2413930594921112,0.9149262309074402,0.09193070977926254,9.954347610473633,0.358620285987854,-0.4145381450653076,1.8060578107833862,-2.5717101097106934,10.733553886413574,-1.1743578910827637,-0.6772342324256897,-0.7786116600036621,-40.28268051147461,0.5372574925422668,0.0,0.0,0.0,0.0,0.9998342990875244,0.0,1.0,0.0,0.0,0.0,0.4019223749637604,0.0,0.0456528402864933,flip,False,False,,0.0,0.40192236617924865,0.0,0.0,-0.7907214530874855,0.48441955943313714,1.8874044055581938,11.099639280750402,40.28626357149338,9.954347160350927,35.298090104928015
21,111.81746335815353,0.3883190155029297,0.1911209225654602,-5.012156009674072,0.23145754635334015,-0.2635621726512909,0.9318339228630066,0.09299425035715103,10.012155532836914,0.3896203339099884,-0.35073596239089966,1.655322790145874,-3.3326122760772705,9.097817420959473,-0.9106356501579285,-0.9665818214416504,-0.7774375677108765,-4.299544334411621,-0.18709644675254822,0.0,0.0,0.0,0.0,0.19997841119766235,0.0,1.0,0.0,0.0,0.0,0.4250897765159607,0.0,-0.012155983597040176,flip,False,False,,0.0,0.42508976695468736,0.0,0.0,-0.8755591711330337,0.4328034984278357,1.736350536107751,9.731692353122153,4.3036130095449305,10.012155983988478,7.060025830217599
22,109.3402426412842,0.3339926302433014,0.18372704088687897,-5.057438850402832,0.15944169461727142,-0.27951326966285706,0.9422804117202759,0.09251140058040619,10.057438850402832,0.4720841944217682,-0.13747353851795197,1.494935154914856,-1.9396696090698242,8.716363906860352,-0.4589311182498932,-0.9609298706054688,-0.7703014016151428,2.9248485565185547,1.4220958948135376,0.0,0.0,0.0,0.0,0.6692042946815491,0.0,1.0,0.0,0.0,0.0,0.44728580117225647,0.0,-0.05743895098567009,flip,False,False,,0.0,0.4472858063794065,0.0,0.0,-0.9320400980663239,0.38119116127512537,1.5737196648850684,8.941361336793626,3.2522447732665727,10.057438950839671,23.625548267179727
23,108.78756671340895,0.2827191948890686,0.16440726816654205,-5.093277454376221,0.09193211048841476,-0.28923436999320984,0.9493401646614075,0.08151807636022568,10.093277931213379,0.549841046333313,0.088551826775074,1.303344488143921,-0.4490030109882355,8.480982780456543,-0.2131028175354004,-0.9071412086486816,-0.7501677870750427,3.3327250480651855,0.6796987056732178,0.0,0.0,0.0,0.0,0.7072591781616211,0.0,1.0,0.0,0.0,0.0,0.4688824415206909,0.0,-0.09327765554189682,flip,False,False,,0.0,0.46888245102044507,0.0,0.0,-0.9698065973573904,0.3270472463517393,1.4173473334184417,8.495533003065955,3.401330018850598,10.093277653029347,24.96903559026718
24,96.52931615186611,0.23636728525161743,0.139243021607399,-5.119770526885986,0.031687039881944656,-0.29498565196990967,0.952766478061676,0.06492668390274048,10.119771003723145,0.5701538920402527,0.14828726649284363,1.1301178932189941,-0.04288114979863167,7.261305809020996,-0.06197446957230568,-0.8589906692504883,-0.7336682081222534,2.583556652069092,1.8029298782348633,0.0,0.0,0.0,0.0,0.1866506040096283,0.0,1.0,0.0,0.0,0.0,0.4873732030391693,0.0,-0.11977057158946991,flip,False,False,,0.0,0.48737321485321505,0.0,0.0,-0.9895609268624618,0.274332125237622,1.2744532126424786,7.261697055102915,3.1504478672208087,10.11977057035407,6.589501724919677
25,91.36354276005432,0.19518296420574188,0.11162108927965164,-5.13801383972168,-0.021038943901658058,-0.2983977198600769,0.9531156420707703,0.04568062722682953,10.13801383972168,0.6072417497634888,0.29075247049331665,0.9084272384643555,0.6774982213973999,6.79678201675415,-0.020924581214785576,-0.8148391246795654,-0.7100635170936584,3.2383487224578857,0.5135015249252319,0.0,0.0,0.0,0.0,0.4680444300174713,0.0,1.0,0.0,0.0,0.0,0.5046810507774353,0.0,-0.1380140483379364,flip,False,False,,0.0,0.5046810779964492,0.0,0.0,-0.9949413466031918,0.22484585798640355,1.130716408123856,6.830496814832673,3.27880874802675,10.13801404584984,16.523812474671004
26,83.98631212765639,0.15804526209831238,0.08123315870761871,-5.148935317993164,-0.06825605034828186,-0.30058637261390686,0.9510119557380676,0.02377505414187908,10.148935317993164,0.6286390423774719,0.3855377733707428,0.6938926577568054,0.9919944405555725,6.150785446166992,0.0108661949634552,-0.7518190145492554,-0.720150887966156,4.61501932144165,-1.3124722242355347,0.0,0.0,0.0,0.0,0.3268463611602783,0.0,1.0,0.0,0.0,0.0,0.5203438997268677,0.0,-0.14893528819084167,flip,False,False,,0.0,0.5203439249160301,0.0,0.0,-0.9895517857237274,0.17769955820134892,1.0125776249435923,6.2302756382294,4.798019221314041,10.148935285144958,11.538964323620796
27,78.94603709937032,0.1243506446480751,0.04908087104558945,-5.153043270111084,-0.11086052656173706,-0.301788330078125,0.9469074010848999,0.0002945943269878626,10.153042793273926,0.6538178324699402,0.5012453198432922,0.4442506432533264,1.3290307521820068,5.838379383087158,0.057159870862960815,-0.667618453502655,-0.7453337907791138,6.608566761016846,-1.5957344770431519,0.0,0.0,0.0,0.0,0.4366551637649536,0.0,1.0,0.0,0.0,0.0,0.5352112650871277,0.0,-0.15304319560527802,flip,False,False,,0.0,0.5352112357790996,0.0,0.0,-0.9754199853980414,0.1336862549927924,0.9359931718337977,5.988009955004499,6.798494205445829,10.153043193368147,15.415647702248096
28,77.28878332286915,0.09083130955696106,0.015615539625287056,-5.1493754386901855,-0.15297219157218933,-0.3014566898345947,0.9408602118492126,-0.02248239330947399,10.149375915527344,0.6899928450584412,0.6493651866912842,0.1224440187215805,0.7273775339126587,6.020299434661865,0.2326148897409439,-0.371719628572464,-0.7680190801620483,32.8634033203125,-1.2034626007080078,0.0,0.0,0.0,0.0,0.6520902514457703,0.0,1.0,0.0,0.0,0.0,0.5505418181419373,0.0,-0.1493755429983139,flip,False,False,,0.0,0.5505418018999848,0.0,0.0,-0.9521888922141464,0.09216383226518514,0.9553835900561329,6.068541069526198,32.88543329947678,10.149375537570116,23.021355111626384
29,80.76750910221796,0.05202361196279526,-0.016961829736828804,-5.134915828704834,-0.20072810351848602,-0.29683157801628113,0.9327335953712463,-0.04009029641747475,10.134915351867676,0.7856705784797668,0.7594102621078491,-0.3379579782485962,-0.5215998888015747,6.857618808746338,0.668860137462616,0.4048483669757843,-0.7843679785728455,63.7263069152832,-0.8370506763458252,0.0,0.0,0.0,0.0,0.9927905797958374,0.0,1.0,0.0,0.0,0.0,0.5680046081542969,0.0,-0.1349157691001892,flip,False,False,,0.0,0.568004585127569,0.0,0.0,-0.9162027551671821,0.05471891743506127,1.1437647570461627,6.9098753832643425,63.731805926626656,10.134915772221934,35.049419061677455
30,92.4743611148425,0.009349798783659935,-0.05186765640974045,-5.107545375823975,-0.2532063126564026,-0.28906869888305664,0.9211984872817993,-0.06098512187600136,10.107545852661133,0.9811505079269409,0.7170965671539307,-0.772728443145752,0.5890053510665894,7.576638698577881,0.687705934047699,0.8983498215675354,-0.7953207492828369,8.024624824523926,-0.5440388321876526,0.0,0.0,0.0,0.0,0.9987979531288147,0.0,1.0,0.0,0.0,0.0,0.5872983336448669,0.0,-0.10754558444023132,flip,False,False,,0.0,0.5872983376309775,0.0,0.0,-0.8643345065431182,0.05270363049581633,1.4401364697881043,7.630551988035552,8.043045981668975,10.107545582196858,35.26150300938249
31,97.7068976059769,-0.03802524507045746,-0.08487313985824585,-5.066983699798584,-0.31029799580574036,-0.280987024307251,0.9045348167419434,-0.08110609650611877,10.066983222961426,1.1855934858322144,0.6386603713035583,-1.1910585165023804,-0.4527452886104584,8.199274063110352,0.34512361884117126,0.8811569213867188,-0.8022417426109314,-6.683063983917236,-0.3354143500328064,0.0,0.0,0.0,0.0,0.9989347457885742,0.0,1.0,0.0,0.0,0.0,0.6081776022911072,0.0,-0.06698351353406906,flip,False,False,,0.0,0.6081776181724439,0.0,0.0,-0.794273845547732,0.09300198630163763,1.7978151377485432,8.219013783122112,6.691475732951299,10.066983513031245,35.26633232923508
32,100.39855572884075,-0.09143135696649551,-0.10985145717859268,-5.012510776519775,-0.3732261061668396,-0.27044937014579773,0.88264000415802,-0.09222807735204697,10.012510299682617,1.3456281423568726,0.5480197668075562,-1.6341726779937744,-1.8156672716140747,8.722742080688477,0.08471105992794037,0.7645974159240723,-0.806455135345459,-6.423830032348633,-0.2017572820186615,0.0,0.0,0.0,0.0,0.9995771646499634,0.0,1.0,0.0,0.0,0.0,0.630389928817749,0.0,-0.012510553002357483,flip,False,False,,0.0,0.6303898995743076,0.0,0.0,-0.7043925499824251,0.14292318402212686,2.1866780831151194,8.91011001462316,6.426997654567076,10.012510552835938,35.289012246172426
33,102.806125068714,-0.1480553150177002,-0.1256587654352188,-4.943511009216309,-0.4404914379119873,-0.2556770443916321,0.8553848266601562,-0.09441041201353073,9.943511009216309,1.4478931427001953,0.44618192315101624,-2.09936261177063,-2.9487650394439697,9.154349327087402,-0.015923958271741867,0.6943553686141968,-0.8089722990989685,-2.290048599243164,-0.11972130835056305,0.0,0.0,0.0,0.0,0.9999932050704956,0.0,1.0,0.0,0.0,0.0,0.6537012457847595,0.0,0.05648912116885185,flip,False,False,,0.0,0.6537012593714092,0.0,0.0,-0.5941079866436827,0.19419192373241453,2.5889760018333217,9.617566517665876,2.293175895900707,9.943510877864535,35.30370011221647
34,104.46814726275753,-0.20375359058380127,-0.1328209489583969,-4.859936237335205,-0.509761393070221,-0.23622453212738037,0.8223025798797607,-0.09033160656690598,9.859936714172363,1.4949883222579956,0.32965242862701416,-2.572843551635742,-3.654510259628296,9.50849437713623,-0.03416645526885986,0.6678352355957031,-0.8104530572891235,-1.773830533027649,-0.06987100839614868,0.0,0.0,0.0,0.0,0.9999507665634155,0.0,1.0,0.0,0.0,0.0,0.6779144406318665,0.0,0.1400635987520218,flip,False,False,,0.0,0.6779144416623578,0.0,0.0,-0.4639670366180038,0.24322197042716107,2.9938579245869974,10.186661846005254,1.7752061156951067,9.85993639989354,35.302201865708824
35,105.30921402134568,-0.2544403076171875,-0.13216914236545563,-4.762631893157959,-0.5787721872329712,-0.21291834115982056,0.7828710079193115,-0.08247114717960358,9.7626314163208,1.484336018562317,0.1992747038602829,-3.0425450801849365,-4.0987324714660645,9.774272918701172,-0.07684904336929321,0.6271197199821472,-0.80026775598526,-3.373978853225708,1.6381181478500366,0.0,0.0,0.0,0.0,0.9955674409866333,0.0,1.0,0.0,0.0,0.0,0.702804446220398,0.0,0.23736828565597534,flip,False,False,,0.0,0.7028044235305823,0.0,0.0,-0.3164423330814206,0.2867203494493438,3.391171467209049,10.599147413225456,3.7506218557576516,9.762631717613413,35.14745320254564
36,102.01265792574081,-0.29612448811531067,-0.12555284798145294,-4.654096603393555,-0.6447957754135132,-0.18822091817855835,0.7371708154678345,-0.07341983914375305,9.654096603393555,1.408855676651001,0.06546107679605484,-3.475978374481201,-3.5714831352233887,9.795621871948242,-0.22829453647136688,0.4641677141189575,-0.7557064890861511,-22.39069175720215,3.852562427520752,0.0,0.0,0.0,0.0,0.9275369644165039,0.0,1.0,0.0,0.0,0.0,0.7277487516403198,0.0,0.3459034860134125,flip,False,False,,0.0,0.7277487704153824,0.0,0.0,-0.1576938059809624,0.32164147389233183,3.7512111661769865,10.42889364987226,22.719711800883843,9.654096521435095,32.74570933954239
37,90.17116204294022,-0.32466939091682434,-0.11959899216890335,-4.5397515296936035,-0.7036995887756348,-0.17001426219940186,0.6864487528800964,-0.06848423182964325,9.539751052856445,1.2638461589813232,-0.012725322507321835,-3.821922540664673,-2.022804021835327,9.364130973815918,-0.6986420750617981,-0.14559690654277802,-0.7021002173423767,-53.559505462646484,2.1384904384613037,0.0,0.0,0.0,0.0,0.7409689426422119,0.0,1.0,0.0,0.0,0.0,0.7515943646430969,0.0,0.46024850010871887,flip,False,False,,0.0,0.7515943351977986,0.0,0.0,-0.00023134619365207908,0.3459973068438881,4.025489010806677,9.60556056801862,53.60218025798881,9.539751501217497,26.15912309290409
38,91.351466739722,-0.3404161036014557,-0.11459187418222427,-4.422301769256592,-0.7559163570404053,-0.15739475190639496,0.6322252154350281,-0.06409896165132523,9.42230224609375,1.0226402282714844,0.04576463997364044,-4.138056755065918,-2.4565117359161377,9.184847831726074,-0.9564892053604126,-0.7754659652709961,-0.6948366165161133,-15.16895580291748,-1.1766875982284546,0.0,0.0,0.0,0.0,0.8702633380889893,0.0,1.0,0.0,0.0,0.0,0.7749833464622498,0.0,0.5776981115341187,flip,False,False,,0.0,0.7749833577077386,0.0,0.0,0.1510350508800416,0.3591857863036724,4.262792805756065,9.555665736060964,15.214526171222444,9.422301897434538,30.72372467209339
39,74.63328118175605,-0.34869688749313354,-0.10493884980678558,-4.30661678314209,-0.8000936508178711,-0.1401711255311966,0.5805618762969971,-0.05612583085894585,9.30661678314209,1.004852056503296,0.05780840665102005,-4.306626796722412,-2.7808618545532227,7.589627742767334,-0.5587666034698486,-0.8218570947647095,-0.7248343825340271,5.383760452270508,-2.1114847660064697,0.0,0.0,0.0,0.0,0.06833904981613159,0.0,1.0,0.0,0.0,0.0,0.7943102121353149,0.0,0.6933832764625549,flip,False,False,,0.0,0.7943101861368228,0.0,0.0,0.28659881218514915,0.36414513558567446,4.422680658487349,8.102336826808916,5.783013407283059,9.306616734864937,2.4126377143657205
40,56.373051200262886,-0.3537304997444153,-0.09202516824007034,-4.1970109939575195,-0.8344953060150146,-0.1190667673945427,0.5358588695526123,-0.04791628196835518,9.19701099395752,0.9699264168739319,0.07471869140863419,-4.478621006011963,-3.283149242401123,6.40144157409668,-0.07069157809019089,-0.5240859389305115,-0.7555245161056519,33.51423263549805,-1.6545002460479736,0.0,0.0,0.0,0.0,0.11783376336097717,0.0,1.0,0.0,0.0,0.0,0.8106113076210022,0.0,0.8029887676239014,flip,False,False,,0.0,0.8106113231979444,0.0,0.0,0.39735443018019784,0.36550498032573003,4.583054178550795,7.194617398940906,33.555045180919,9.197011227122124,4.159996111670136
41,47.8577190721604,-0.35680824518203735,-0.07936222106218338,-4.092629432678223,-0.8608963489532471,-0.09803073108196259,0.4974334239959717,-0.0425146110355854,9.092629432678223,0.9582919478416443,0.07234781980514526,-4.639620304107666,-1.8749829530715942,5.283315658569336,0.23003815114498138,-0.07234419137239456,-0.7774185538291931,15.420876502990723,-1.097470760345459,0.0,0.0,0.0,0.0,0.03567120432853699,0.0,1.0,0.0,0.0,0.0,0.8240651488304138,0.0,0.9073706269264221,flip,False,False,,0.0,0.8240651762002462,0.0,0.0,0.48590176467648305,0.3655276873312817,4.738104657475909,5.610873675017567,15.459879539765394,9.092629358926752,1.2593340573424099
42,34.647723364312355,-0.35916873812675476,-0.07056018710136414,-3.992799997329712,-0.8806626200675964,-0.08250122517347336,0.4647369086742401,-0.040577154606580734,8.992799758911133,0.9469494819641113,0.07174216955900192,-4.798061847686768,-2.1647088527679443,4.363103866577148,0.2817084491252899,0.2369287759065628,-0.7914175987243652,30.4663143157959,-0.6797441244125366,0.0,0.0,0.0,0.0,0.03038942813873291,0.0,1.0,0.0,0.0,0.0,0.8351757526397705,0.0,1.007200002670288,flip,False,False,,0.0,0.8351757286701781,0.0,0.0,0.55442472538045,0.36603404399902184,4.891140891193801,4.878729157709121,30.473895822120863,8.992799953102116,1.0728665476441384
43,29.907957494740387,-0.3623398244380951,-0.06252320110797882,-3.8957483768463135,-0.8958096504211426,-0.06860318034887314,0.4373522102832794,-0.039264701306819916,8.895748138427734,0.9437795877456665,0.06734133511781693,-4.954413414001465,-0.8693758845329285,3.567293167114258,0.29238319396972656,0.6025427579879761,-0.7999132871627808,9.342063903808594,-0.40495234727859497,0.0,0.0,0.0,0.0,0.0073409974575042725,0.0,1.0,0.0,0.0,0.0,0.8442597389221191,0.0,1.1042516231536865,flip,False,False,,0.0,0.844259766348213,0.0,0.0,0.6080336676470615,0.367694586037089,5.043953568778282,3.6833250566422056,9.350836293122997,8.895748396417316,0.25916613377988335
44,24.187334539772735,-0.36609894037246704,-0.06020112335681915,-3.800717830657959,-0.9070767760276794,-0.06284302473068237,0.41424641013145447,-0.040772970765829086,8.800718307495117,0.9371830224990845,0.06277544051408768,-5.110728740692139,-0.37131819128990173,2.943427801132202,0.17303720116615295,0.65754634141922,-0.8047888278961182,0.45958176255226135,-0.2241300642490387,0.0,0.0,0.0,0.0,0.01846921443939209,0.0,1.0,0.0,0.0,0.0,0.8517551422119141,0.0,1.1992820501327515,flip,False,False,,0.0,0.8517551437939554,0.0,0.0,0.6489013977865001,0.37101565075679827,5.196325823957574,2.971798533581315,0.5113214966446714,8.800717938699018,0.6520360384154319
45,18.620538873941246,-0.37089306116104126,-0.05889694765210152,-3.706104040145874,-0.9159696102142334,-0.0591488741338253,0.3946385383605957,-0.04197066277265549,8.706104278564453,0.9220033884048462,0.05395675450563431,-5.268203258514404,-0.3031083047389984,2.4961516857147217,0.09005514532327652,0.6507506966590881,-0.8069105744361877,-0.89638352394104,-0.07084548473358154,0.0,0.0,0.0,0.0,0.0481874942779541,0.0,1.0,0.0,0.0,0.0,0.858111560344696,0.0,1.293895959854126,flip,False,False,,0.0,0.8581115418565608,0.0,0.0,0.6815237020813124,0.3755402904178452,5.348548042768105,2.5160997173658846,0.8991787827014475,8.706104082500373,1.7012084067392348
46,17.004140390934932,-0.3756575584411621,-0.056972842663526535,-3.6103508472442627,-0.9237146973609924,-0.05544204264879227,0.37666329741477966,-0.04245058447122574,8.610350608825684,0.8642957210540771,0.01977449841797352,-5.43227481842041,-0.4111269414424896,2.432797431945801,0.04149577394127846,0.6256981492042542,-0.8073311448097229,-2.4178783893585205,0.0006671427399851382,0.0,0.0,0.0,0.0,0.1949584186077118,0.0,1.0,0.0,0.0,0.0,0.864306628704071,0.0,1.3896491527557373,flip,False,False,,0.0,0.8643066093736294,0.0,0.0,0.7101019094915159,0.37995330460203086,5.50063713065657,2.467640592648696,2.4178784526433037,8.610350834578904,6.88280031302154
47,15.442241318116412,-0.37907442450523376,-0.054310064762830734,-3.512437582015991,-0.9310711026191711,-0.0517730750143528,0.3586283326148987,-0.04256569966673851,8.51243782043457,0.7935235500335693,-0.02098512090742588,-5.594260215759277,-0.10196449607610703,2.4644412994384766,-0.0013900860212743282,0.5371835231781006,-0.8078300356864929,-13.911096572875977,-0.04641219228506088,0.0,0.0,0.0,0.0,0.2352893352508545,0.0,1.0,0.0,0.0,0.0,0.8705822825431824,0.0,1.4875624179840088,flip,False,False,,0.0,0.8705822578003279,0.0,0.0,0.737411384377211,0.38294516184423605,5.650298097511583,2.466550217943273,13.91117370959765,8.512437525332425,8.30664057433605
48,11.195236496223089,-0.37986311316490173,-0.05536257103085518,-3.4123504161834717,-0.9380151629447937,-0.05422505363821983,0.3394373059272766,-0.044379815459251404,8.41235065460205,0.697977602481842,-0.061144616454839706,-5.748477458953857,0.9667108654975891,2.617414951324463,-0.1286337822675705,0.07055364549160004,-0.8084142804145813,-44.63329315185547,-0.028025057166814804,0.0,0.0,0.0,0.0,0.2979333698749542,0.0,1.0,0.0,0.0,0.0,0.8772474527359009,0.0,1.5876497030258179,flip,False,False,,0.0,0.8772474499847269,0.0,0.0,0.7636850796626492,0.38387627179183,5.791019076444697,2.7931947703836855,44.633303594217104,8.412350297104158,10.51822181406319
49,11.491553693776822,-0.37934261560440063,-0.05721701681613922,-3.310626268386841,-0.9443450570106506,-0.0585058219730854,0.3204667866230011,-0.045722704380750656,8.310626029968262,0.6600955724716187,-0.05707550048828125,-5.89876651763916,-0.12667065858840942,2.3475608825683594,-0.22015970945358276,-0.5468576550483704,-0.8090183138847351,-22.258771896362305,-0.04003802686929703,0.0,0.0,0.0,0.0,0.10669201612472534,0.0,1.0,0.0,0.0,0.0,0.8832254409790039,0.0,1.6893736124038696,flip,False,False,,0.0,0.8832254644787596,0.0,0.0,0.7877555444990317,0.38363342873125156,5.935859683046996,2.361261839208412,22.258807661133638,8.310626335414643,3.7666485357463357
50,13.112585392628958,-0.3786403238773346,-0.05227024108171463,-3.206637382507324,-0.9506977200508118,-0.05327356979250908,0.3023514747619629,-0.043810226023197174,8.206637382507324,0.5700839161872864,-0.027156420052051544,-6.046706676483154,-1.0799845457077026,2.4663119316101074,-0.1372881978750229,-0.6464328765869141,-0.8099139332771301,9.197864532470703,-0.06036188825964928,0.0,0.0,0.0,0.0,0.2707197666168213,0.0,1.0,0.0,0.0,0.0,0.8895058631896973,0.0,1.7933626174926758,flip,False,False,,0.0,0.8895058760514686,0.0,0.0,0.8114898582558218,0.38223118664948785,6.073581506077353,2.695905955066127,9.198062240696643,8.206637358533882,9.55747439745426
51,5.676781363073592,-0.3770509362220764,-0.04230428487062454,-3.1004321575164795,-0.9569519758224487,-0.04047026112675667,0.2845335006713867,-0.040568262338638306,8.100432395935059,0.5149537324905396,-0.011872406117618084,-6.1932830810546875,-2.0618674755096436,2.34226393699646,0.03187638148665428,-0.23470184206962585,-0.8103910088539124,41.798309326171875,-0.010862991213798523,0.0,0.0,0.0,0.0,0.16227981448173523,0.0,1.0,0.0,0.0,0.0,0.895470380783081,0.0,1.89956796169281,flip,False,False,,0.0,0.895470402110265,0.0,0.0,0.8348048075802078,0.379416732038982,6.214665949994226,3.1206592119863066,41.798309356830636,8.100432092086526,5.729116833674311
52,2.1450817680772545,-0.3757166564464569,-0.027937885373830795,-2.992974042892456,-0.9623766541481018,-0.021250994876027107,0.26837441325187683,-0.036807332187891006,7.992973804473877,0.48576751351356506,-0.018074486404657364,-6.340985298156738,-1.7562311887741089,2.0733683109283447,0.19259308278560638,0.6322824954986572,-0.7993852496147156,45.339324951171875,1.6810837984085083,0.0,0.0,0.0,0.0,0.08603551983833313,0.0,1.0,0.0,0.0,0.0,0.9007502198219299,0.0,2.007025957107544,flip,False,False,,0.0,0.9007501913518217,0.0,0.0,0.8550475484926741,0.3767539256421129,6.359590338021328,2.7240221360766004,45.37047948494612,7.992974001200588,3.0373928302413225
53,1.0029449808808617,-0.37442490458488464,-0.023923706263303757,-2.884819269180298,-0.9663615822792053,-0.016286049038171768,0.25395259261131287,-0.03725815191864967,7.884819030761719,0.479247123003006,-0.027790658175945282,-6.493305206298828,0.22668366134166718,1.7233250141143799,0.12425094097852707,0.9483755230903625,-0.7542579174041748,3.2291083335876465,3.885394334793091,0.0,0.0,0.0,0.0,0.020895063877105713,0.0,1.0,0.0,0.0,0.0,0.9051386117935181,0.0,2.115180730819702,flip,False,False,,0.0,0.9051386024182612,0.0,0.0,0.8704857950194377,0.37518841038345274,6.511026123847453,1.7426051824163988,5.052071836072406,7.884819199555383,0.7376780814135074
54,-5.7477376353441985,-0.37372714281082153,-0.025153499096632004,-2.7753381729125977,-0.9694814085960388,-0.01891874149441719,0.2413148432970047,-0.038923345506191254,7.775338172912598,0.4621855318546295,-0.04325639456510544,-6.644175052642822,0.49609825015068054,1.5154452323913574,0.040453895926475525,0.8955702185630798,-0.6780950427055359,-7.2897114753723145,5.420691967010498,0.0,0.0,0.0,0.0,0.0635547935962677,0.0,1.0,0.0,0.0,0.0,0.908997654914856,0.0,2.2246618270874023,flip,False,False,,0.0,0.9089976520318572,0.0,0.0,0.8828185200489074,0.37457266332801076,6.660371675936311,1.5950938115191295,9.08426060458971,7.775338220528572,2.2437346198350188
55,-11.195204012079172,-0.3734951615333557,-0.02654874697327614,-2.664156675338745,-0.9721002578735352,-0.0222019013017416,0.2299969494342804,-0.04036783427000046,7.664156913757324,0.44338440895080566,-0.060267288237810135,-6.791463375091553,0.6522873640060425,1.366758108139038,0.03899189457297325,0.7396531105041504,-0.6070286631584167,-15.931730270385742,2.8750128746032715,0.0,0.0,0.0,0.0,0.07236149907112122,0.0,1.0,0.0,0.0,0.0,0.9124780893325806,0.0,2.335843324661255,flip,False,False,,0.0,0.912478072956394,0.0,0.0,0.8932172013903015,0.3744375351858061,6.806187967910647,1.5149346195452644,16.189061604695272,7.664156679710758,2.554646021516919
56,-11.93926825547226,-0.37329673767089844,-0.02731063775718212,-2.551100015640259,-0.9744197130203247,-0.0250441525131464,0.21941342949867249,-0.04167411848902702,7.551100254058838,0.4125834107398987,-0.08204088360071182,-6.929503440856934,0.22140081226825714,1.3187086582183838,0.028497446328401566,0.5117306709289551,-0.5912359356880188,-12.308212280273438,-0.8046230673789978,0.0,0.0,0.0,0.0,0.11676925420761108,0.0,1.0,0.0,0.0,0.0,0.9158361554145813,0.0,2.448899984359741,flip,False,False,,0.0,0.9158361368761307,0.0,0.0,0.9024610077974619,0.3742944370191234,6.942260039255545,1.3374688186707904,12.334484721484264,7.551100042923224,4.122414744390249
57,-14.532889642062345,-0.37223613262176514,-0.0281443502753973,-2.4361002445220947,-0.9766307473182678,-0.02863999828696251,0.2086450308561325,-0.042888108640909195,7.436100006103516,0.36075589060783386,-0.11017655581235886,-7.052605628967285,0.9824607968330383,1.394491195678711,-0.03608928620815277,0.15844106674194336,-0.6277947425842285,-35.51197052001953,-3.446690797805786,0.0,0.0,0.0,0.0,0.18735957145690918,0.0,1.0,0.0,0.0,0.0,0.91938716173172,0.0,2.5638997554779053,flip,False,False,,0.0,0.9193871794763414,0.0,0.0,0.9112945341389181,0.37329859985482233,7.062685798692068,1.7062055019506497,35.678840144429905,7.436100136361754,6.614531069140433
58,4.085405152908097,-0.3674263656139374,-0.02917349524796009,-2.319024085998535,-0.9792883992195129,-0.03321818262338638,0.19489504396915436,-0.04366540163755417,7.319024085998535,0.20236775279045105,-0.11592808365821838,-7.115633964538574,0.11034651845693588,2.0447466373443604,-0.1243252158164978,-0.3208566904067993,-0.6832694411277771,-16.995534896850586,-3.1964046955108643,0.0,0.0,0.0,0.0,0.5295401811599731,0.0,1.0,0.0,0.0,0.0,0.9245941042900085,0.0,2.680975914001465,flip,False,False,,0.0,0.9245940841599989,0.0,0.0,0.9218242575974053,0.3685827388770279,7.119454993691228,2.0514926588845728,17.293502280291815,7.319024092463018,18.69485478326082
59,-2.6273311519024882,-0.3606543242931366,-0.026592344045639038,-2.2000527381896973,-0.9821487665176392,-0.03277742117643356,0.18010428547859192,-0.043264809995889664,7.200052738189697,0.18797586858272552,-0.11162131279706955,-7.261042594909668,-0.2676931619644165,1.7272309064865112,-0.09576616436243057,-0.5510403513908386,-0.7155860662460327,-7.741954803466797,-0.5407617688179016,0.0,0.0,0.0,0.0,0.04379698634147644,0.0,1.0,0.0,0.0,0.0,0.9289924502372742,0.0,2.7999472618103027,flip,False,False,,0.0,0.9289924415049604,0.0,0.0,0.9329760696218912,0.3616333720860909,7.264332963613513,1.7504734601543466,7.760817447536591,7.200052644337193,1.5462061779803036
60,-4.756988227804615,-0.3545812964439392,-0.022341929376125336,-2.079434871673584,-0.9845867156982422,-0.02966979146003723,0.1669807881116867,-0.042732931673526764,7.079434871673584,0.1475483924150467,-0.09671922773122787,-7.394620418548584,-0.2989247143268585,1.6375001668930054,-0.03239443153142929,-0.6098282337188721,-0.6991453766822815,-1.7038062810897827,2.4774045944213867,0.0,0.0,0.0,0.0,0.13361746072769165,0.0,1.0,0.0,0.0,0.0,0.933162271976471,0.0,2.920565128326416,flip,False,False,,0.0,0.9331623015842537,0.0,0.0,0.9424742690195714,0.35528447346608955,7.396724827076771,1.664876081049703,3.0067405892376127,7.079434835174402,4.717222816482782
61,-10.797135293069662,-0.34879496693611145,-0.018869608640670776,-1.9571486711502075,-0.9866014122962952,-0.027319280430674553,0.15507857501506805,-0.0426841601729393,6.957148551940918,0.13259533047676086,-0.09087294340133667,-7.538881301879883,-0.16554246842861176,1.4011174440383911,0.02049175836145878,-0.6383243203163147,-0.6387543678283691,-2.0287482738494873,6.189317226409912,0.0,0.0,0.0,0.0,0.049479126930236816,0.0,1.0,0.0,0.0,0.0,0.9367302060127258,0.0,3.042851209640503,flip,False,False,,0.0,0.9367302177625605,0.0,0.0,0.9504088880512839,0.34930501936327557,7.540595044833012,1.4110117683621308,6.5133300316698985,6.957148715999489,1.7468081283974646
62,-17.305379979257147,-0.34384647011756897,-0.01630207523703575,-1.8332133293151855,-0.9881349802017212,-0.025861363857984543,0.14497032761573792,-0.043635718524456024,6.8332133293151855,0.11161214858293533,-0.07946135848760605,-7.676278114318848,-0.05928441509604454,1.1996911764144897,0.11666224151849747,-0.6624341011047363,-0.41158750653266907,-0.9930577874183655,17.725257873535156,0.0,0.0,0.0,0.0,0.07890930771827698,0.0,1.0,0.0,0.0,0.0,0.9397851824760437,0.0,3.1667866706848145,flip,False,False,,0.0,0.9397852063418335,0.0,0.0,0.9566296449604087,0.34423269527412076,7.677500501052656,1.2068072417532782,17.75305367702262,6.8332133372096235,2.785809465127587
63,-19.0882926056252,-0.3393050730228424,-0.01418505422770977,-1.7073744535446167,-0.9894677996635437,-0.024994075298309326,0.13579440116882324,-0.043459076434373856,6.707374572753906,0.10575710237026215,-0.07435866445302963,-7.820880889892578,-0.06453703343868256,1.1450742483139038,-0.21884678304195404,-0.6650069952011108,-0.3061712980270386,0.5707567930221558,-8.233003616333008,0.0,0.0,0.0,0.0,0.02858087420463562,0.0,1.0,0.0,0.0,0.0,0.9427011013031006,0.0,3.2926254272460938,flip,False,False,,0.0,0.9427011140760116,0.0,0.0,0.9618697268459032,0.33960146246763784,7.821949480825873,1.167584717473852,8.252763906411904,6.707374509971076,1.0090174680680035
64,-20.48867133608851,-0.33462968468666077,-0.013449075631797314,-1.5797646045684814,-0.9906316995620728,-0.025680646300315857,0.12703239917755127,-0.04303599148988724,6.5797648429870605,0.06736516207456589,-0.04224357753992081,-7.929309844970703,0.3094072937965393,1.0204901695251465,0.09002421051263809,-0.6628457307815552,-0.35303330421447754,-0.6573161482810974,9.623383522033691,0.0,0.0,0.0,0.0,0.19053751230239868,0.0,1.0,0.0,0.0,0.0,0.9452997446060181,0.0,3.4202353954315186,flip,False,False,,0.0,0.9452997708562763,0.0,0.0,0.9664071218645515,0.3348998357026583,7.929708592076897,1.070157627459743,9.645805994856588,6.579764624056768,6.726724902073144
65,-24.39526393110614,-0.3301226496696472,-0.014139462262392044,-1.4504845142364502,-0.9915279150009155,-0.027785176411271095,0.11918831616640091,-0.04352584481239319,6.450484275817871,0.058824144303798676,-0.033835478127002716,-8.069153785705566,0.284280002117157,0.971943199634552,-0.16539569199085236,-0.6689491271972656,-0.2889532744884491,0.4084811508655548,-8.69015121459961,0.0,0.0,0.0,0.0,0.046406567096710205,0.0,1.0,0.0,0.0,0.0,0.9477748274803162,0.0,3.54951548576355,flip,False,False,,0.0,0.9477748039178119,0.0,0.0,0.9700437147952621,0.3304253264644951,8.069438798321467,1.0260820914069717,8.699746720975899,6.450484458313745,1.6383346603882312
66,-15.567188734610006,-0.3241890072822571,-0.017227349802851677,-1.3198236227035522,-0.9923769235610962,-0.032344453036785126,0.11051268875598907,-0.04391865059733391,6.319823741912842,-0.028098275884985924,0.044742245227098465,-8.111278533935547,0.9356061220169067,1.1276216506958008,0.1227097138762474,-0.6474575400352478,-0.3389242887496948,1.8594897985458374,9.531977653503418,0.0,0.0,0.0,0.0,0.4644489884376526,0.0,1.0,0.0,0.0,0.0,0.9506462812423706,0.0,3.6801764965057373,flip,False,False,,0.0,0.9506462689675977,0.0,0.0,0.9734820279118269,0.32464640303091413,8.111450818014358,1.4703561458782994,9.71165803739064,6.319823615451592,16.39687922086358
67,-25.049717748736757,-0.31745579838752747,-0.02212843857705593,-1.1878515481948853,-0.9930288791656494,-0.038503747433423996,0.10185816884040833,-0.045122258365154266,6.187851428985596,-0.029129697009921074,0.04602154716849327,-8.260812759399414,0.7158557772636414,1.0266947746276855,-0.13183139264583588,-0.6085717678070068,-0.2760447859764099,3.1568591594696045,-8.757135391235352,0.0,0.0,0.0,0.0,0.00437965989112854,0.0,1.0,0.0,0.0,0.0,0.9532607197761536,0.0,3.8121485710144043,flip,False,False,,0.0,0.9532607257428495,0.0,0.0,0.9762842497824424,0.3182261038180496,8.260992700480106,1.2585432724149426,9.308769414656181,6.187851515588991,0.15461925001680848
68,-10.352648888207177,-0.30903586745262146,-0.02761230245232582,-1.054842472076416,-0.9936944842338562,-0.04448358342051506,0.09210816770792007,-0.04591910168528557,6.054842472076416,-0.14450493454933167,0.1367160826921463,-8.240011215209961,0.6280365586280823,1.3177777528762817,0.11906390637159348,-0.4296873211860657,-0.3270533084869385,24.16267204284668,9.468856811523438,0.0,0.0,0.0,0.0,0.6524814963340759,0.0,1.0,0.0,0.0,0.0,0.9566164016723633,0.0,3.945157527923584,flip,False,False,,0.0,0.9566164191368731,0.0,0.0,0.9790738009935979,0.3102669814459589,8.242412487772604,1.4646310955080983,25.951762621433897,6.054842444924363,23.035167597688435
69,-34.71388423175104,-0.3002783954143524,-0.0337444543838501,-0.9210928678512573,-0.9940947890281677,-0.050315968692302704,0.0833236575126648,-0.04796867072582245,5.921092987060547,-0.14546608924865723,0.13475199043750763,-8.390915870666504,1.2720494270324707,0.8466020226478577,0.10282629728317261,-0.12645037472248077,0.08561628311872482,6.389886856079102,41.74694061279297,0.0,0.0,0.0,0.0,1.1920928955078125e-07,0.0,1.0,0.0,0.0,0.0,0.9587723016738892,0.0,4.078907012939453,flip,False,False,,0.0,0.9587722734344752,0.0,0.0,0.9810528008651489,0.30216850502070125,8.393258586910797,1.5314757188413273,42.233134175722434,5.9210928471142426,4.208557605743408e-06
70,-31.800422866006663,-0.2924819588661194,-0.04354856163263321,-0.7857080698013306,-0.993963360786438,-0.06138233095407486,0.07621699571609497,-0.049598757177591324,5.785707950592041,-0.14519111812114716,0.13429319858551025,-8.54124641418457,1.4111992120742798,0.8742398023605347,-0.014948426745831966,-0.13333551585674286,0.6173936724662781,-3.164623737335205,15.224831581115723,0.0,0.0,0.0,0.0,0.00038504600524902344,0.0,1.0,0.0,0.0,0.0,0.96099853515625,0.0,4.214292049407959,flip,False,False,,0.0,0.9609985068628578,0.0,0.0,0.9808462908562608,0.29570622296213156,8.543536349683903,1.66012109608331,15.550252225443078,5.785708071545619,0.013593641066551207
71,-36.740483658442535,-0.2842879891395569,-0.05495216324925423,-0.6483705639839172,-0.9935314059257507,-0.07485421001911163,0.06868313252925873,-0.050742436200380325,5.648370742797852,-0.14500243961811066,0.13210751116275787,-8.691912651062012,2.178208112716675,0.8089796304702759,-0.060576677322387695,-0.35642075538635254,0.7077072262763977,-27.971097946166992,0.5079548358917236,0.0,0.0,0.0,0.0,0.0,0.0,1.0,0.0,0.0,0.0,0.9630585312843323,0.0,4.351629257202148,flip,False,False,,0.0,0.9630585566009835,0.0,0.0,0.9793611093367,0.28955035345437663,8.694126264400891,2.3243725883497235,27.97570979225024,5.648370545136646,0.0
72,-37.1597871887919,-0.27681460976600647,-0.06570188701152802,-0.5089385509490967,-0.9928966164588928,-0.08739372342824936,0.06213714927434921,-0.05155187100172043,5.508938312530518,-0.14566192030906677,0.1353388875722885,-8.841656684875488,0.9409373998641968,0.6607832312583923,-0.05330066755414009,-0.6711925268173218,0.7060335874557495,-7.92936897277832,0.2218371480703354,0.0,0.0,0.0,0.0,4.380941390991211e-06,0.0,1.0,0.0,0.0,0.0,0.9647412300109863,0.0,4.491061687469482,flip,False,False,,0.0,0.9647412272144086,0.0,0.0,0.9770021187207318,0.28450495312457824,8.843892207057968,1.1510163217032632,7.932471639102106,5.508938549274325,0.00015466449201107023
73,-39.69263812472247,-0.2707245945930481,-0.07126022130250931,-0.3664936423301697,-0.9927149415016174,-0.09244133532047272,0.0571269765496254,-0.052040401846170425,5.3664937019348145,-0.1460382491350174,0.1364399492740631,-8.991485595703125,0.4838486611843109,0.532167375087738,-0.018692977726459503,-0.7271223068237305,0.7228759527206421,-0.8495811820030212,1.510125756263733,0.0,0.0,0.0,0.0,0.0,0.0,1.0,0.0,0.0,0.0,0.9660964012145996,0.0,4.6335062980651855,flip,False,False,,0.0,0.9660963802481142,0.0,0.0,0.9763820956400835,0.2799461192962656,8.99370690510447,0.7194866563735299,1.7327053687803557,5.366493640936001,0.0
74,-42.57320010714434,-0.2654303312301636,-0.07536157965660095,-0.22150661051273346,-0.9926392436027527,-0.09535331279039383,0.05313028767704964,-0.05246136337518692,5.221506595611572,-0.146238312125206,0.1367344856262207,-9.141304016113281,0.32662925124168396,0.4343956410884857,-0.012072253040969372,-0.7231078147888184,0.7468209862709045,0.8461558818817139,1.3672294616699219,0.0,0.0,0.0,0.0,0.0,0.0,1.0,0.0,0.0,0.0,0.9672025442123413,0.0,4.778493404388428,flip,False,False,,0.0,0.9672025596842533,0.0,0.0,0.9761697974502559,0.2759214258689583,9.143496570884825,0.543628541644584,1.6078855914379024,5.221506611274148,0.0
75,-48.104912470874055,-0.26069802045822144,-0.07887491583824158,-0.0740891620516777,-0.9925923347473145,-0.09739228338003159,0.04987990856170654,-0.052794359624385834,5.074089050292969,-0.1463647186756134,0.1368389129638672,-9.291025161743164,0.24104735255241394,0.35562217235565186,-0.00988397654145956,-0.7026535868644714,0.766277551651001,1.4763017892837524,1.0328587293624878,0.0,0.0,0.0,0.0,0.0,0.0,1.0,0.0,0.0,0.0,0.9681081175804138,0.0,4.925910949707031,flip,False,False,,0.0,0.9681081441120613,0.0,0.0,0.9760534485461202,0.2723686898193645,9.293185554404946,0.42973090373477313,1.8017392364069913,5.074089161961225,0.0
76,-51.25745932535432,-0.25641438364982605,-0.08197543770074844,0.07574877142906189,-0.9925678372383118,-0.09881483763456345,0.04722791165113449,-0.05304955318570137,4.924251079559326,-0.14645467698574066,0.1369761824607849,-9.440611839294434,0.1442752331495285,0.291652113199234,-0.00857946090400219,-0.6708054542541504,0.7797015905380249,2.7211577892303467,0.6627306938171387,0.0,0.0,0.0,0.0,0.0,0.0,1.0,0.0,0.0,0.0,0.96885085105896,0.0,5.075748920440674,flip,False,False,,0.0,0.9688508301128962,0.0,0.0,0.9760101800728712,0.26919938574961194,9.442741657070494,0.3254994702671095,2.8006984536900745,4.924251229496231,0.0
77,-55.06913190287165,-0.2525174021720886,-0.08458667248487473,0.22803694009780884,-0.9925877451896667,-0.09951343387365341,0.04507936164736748,-0.05323951691389084,4.771963119506836,-0.14650379121303558,0.13702663779258728,-9.590091705322266,0.08055932819843292,0.23887859284877777,-0.005942827556282282,-0.6163784861564636,0.7883303761482239,3.661747455596924,0.4266509711742401,0.0,0.0,0.0,0.0,0.0,0.0,1.0,0.0,0.0,0.0,0.9694591164588928,0.0,5.228036880493164,flip,False,False,,0.0,0.9694591294658366,0.0,0.0,0.9761297980765306,0.2663079958459358,9.592189754815093,0.2521668240642774,3.68651946358979,4.771963060260153,0.0
78,-58.458519369783424,-0.24888008832931519,-0.08729486912488937,0.38266831636428833,-0.9925743341445923,-0.10033806413412094,0.04330645501613617,-0.05341373011469841,4.617331504821777,-0.1464802473783493,0.13668282330036163,-9.73952865600586,0.16429094970226288,0.19564852118492126,-0.00412498926743865,-0.5737559199333191,0.7936318516731262,1.2840063571929932,0.2512832581996918,0.0,0.0,0.0,0.0,0.0,0.0,1.0,0.0,0.0,0.0,0.9699573516845703,0.0,5.382668495178223,flip,False,False,,0.0,0.9699573443386532,0.0,0.0,0.9761137673542952,0.26374550134955227,9.74158933348039,0.2555129696945872,1.3083636728711694,4.617331688352602,0.0
79,-61.905186965999775,-0.24540168046951294,-0.09052135795354843,0.5395618677139282,-0.9924699664115906,-0.10190106183290482,0.04180263355374336,-0.05359206348657608,4.460438251495361,-0.14644114673137665,0.13640426099300385,-9.888833999633789,0.22476211190223694,0.160811647772789,-0.00427667424082756,-0.5751883387565613,0.7953329682350159,-0.9918050169944763,0.016911495476961136,0.0,0.0,0.0,0.0,0.0,0.0,1.0,0.0,0.0,0.0,0.9703668355941772,0.0,5.539561748504639,flip,False,False,,0.0,0.9703668478199156,0.0,0.0,0.97573749079721,0.2615647168754163,9.890859301469854,0.27639949017058596,0.9919491922284884,4.460438103246436,0.0
80,-65.1047075246497,-0.24209316074848175,-0.09375917911529541,0.6988211274147034,-0.9923526048660278,-0.10347400605678558,0.04053565114736557,-0.05372397229075432,4.301178932189941,-0.1464112251996994,0.13640256226062775,-10.0379638671875,0.18307264149188995,0.13450303673744202,-0.00788369681686163,-0.5921165943145752,0.7894758582115173,-1.0089192390441895,-0.5950063467025757,0.0,0.0,0.0,0.0,0.0,0.0,1.0,0.0,0.0,0.0,0.9707093834877014,0.0,5.698821067810059,flip,False,False,,0.0,0.9707093569995311,0.0,0.0,0.9752999895452887,0.2596148753371816,10.039958606658685,0.22730775134511294,1.1713029092209046,4.301178853946575,0.0
81,-68.14159572940791,-0.23897112905979156,-0.09660941362380981,0.8605310916900635,-0.992284893989563,-0.10448019206523895,0.039494581520557404,-0.05380241572856903,4.139468669891357,-0.14639221131801605,0.13656669855117798,-10.18694019317627,0.0797918289899826,0.11139354854822159,-0.006851329933851957,-0.5961115956306458,0.7761333584785461,0.6638467907905579,-0.9124115705490112,0.0,0.0,0.0,0.0,2.9802322387695312e-08,0.0,1.0,0.0,0.0,0.0,0.9709930419921875,0.0,5.860531330108643,flip,False,False,,0.0,0.9709930183390769,0.0,0.0,0.9750480494008483,0.25776069937338697,10.188907188289187,0.1371940189544258,1.1283560737311893,4.139468886730569,1.052139401435852e-06
82,-71.56261305303256,-0.23603986203670502,-0.09889275580644608,1.024732232093811,-0.9922960996627808,-0.10465696454048157,0.038672663271427155,-0.053849563002586365,3.9752678871154785,-0.14637857675552368,0.13684868812561035,-10.335772514343262,-0.06720225512981415,0.09135950356721878,-0.003413046943023801,-0.5687554478645325,0.7598527073860168,3.779808282852173,-0.9937899112701416,0.0,0.0,0.0,0.0,6.854534149169922e-07,0.0,1.0,0.0,0.0,0.0,0.9712256789207458,0.0,6.0247321128845215,flip,False,False,,0.0,0.9712256633974438,0.0,0.0,0.9751016179229305,0.2559191148651289,10.337714381616818,0.11346519454289215,3.9082692703355684,3.9752678246981907,2.4199206233024595e-05
83,-79.23523651472918,-0.23361524939537048,-0.097782202064991,1.1920007467269897,-0.9928069710731506,-0.09991161525249481,0.03826998919248581,-0.05373458191752434,3.8079993724823,-0.14663492143154144,0.1397344172000885,-10.483942985534668,-1.1777360439300537,0.07448446750640869,0.005138853099197149,-0.30776163935661316,0.7439095973968506,30.989063262939453,-0.9168400168418884,0.0,0.0,0.0,0.0,0.0001221001148223877,0.0,1.0,0.0,0.0,0.0,0.9714153409004211,0.0,6.192000865936279,flip,False,False,,0.0,0.9714153365409679,0.0,0.0,0.9771031056799522,0.25325371116347384,10.485899729205252,1.1801002754334267,31.002623883328987,3.8079992677854997,0.004310615127682686
84,-82.73333807149888,-0.231692373752594,-0.09335346519947052,1.362220048904419,-0.9937315583229065,-0.09038840979337692,0.038295675069093704,-0.05348847433924675,3.637779951095581,-0.14655353128910065,0.1394052505493164,-10.632722854614258,-1.0945188999176025,0.05020330473780632,0.006785113830119371,0.23802468180656433,0.7416241765022278,34.55604553222656,0.6729158759117126,0.0,0.0,0.0,0.0,1.4424324035644531e-05,0.0,1.0,0.0,0.0,0.0,0.9715431928634644,0.0,6.362220287322998,flip,False,False,,0.0,0.9715431782047494,0.0,0.0,0.9807266507922351,0.24979236967151228,10.634646287470487,1.0956906735528034,34.56259807388604,3.637779899326019,0.0005092354702949523
85,-63.16684694275676,-0.22947220504283905,-0.09234190732240677,1.5341159105300903,-0.9941493272781372,-0.08580382913351059,0.03819258511066437,-0.0533490851521492,3.465884208679199,-0.14608746767044067,0.13601815700531006,-10.781867980957031,0.11831841617822647,0.03955661877989769,-0.002230722224339843,0.6359870433807373,0.7575954794883728,10.342924118041992,1.09819757938385,0.0,0.0,0.0,0.0,5.662441253662109e-06,0.0,1.0,0.0,0.0,0.0,0.9716439247131348,0.0,6.534115791320801,flip,False,False,,0.0,0.9716439083061129,0.0,0.0,0.982358820881361,0.24735505199004668,10.783715427550291,0.12477559973738983,10.40106291221148,3.4658841294570184,0.0001999064862728119
86,-63.76014245794026,-0.22669047117233276,-0.09655770659446716,1.7074744701385498,-0.993900716304779,-0.0887494832277298,0.03773995488882065,-0.053484655916690826,3.29252552986145,-0.14587265253067017,0.1349419355392456,-10.930481910705566,0.47625669836997986,0.03428339213132858,0.001573893241584301,0.7001088261604309,0.7727211713790894,0.7419215440750122,0.7832833528518677,0.0,0.0,0.0,0.0,1.1593103408813477e-05,0.0,1.0,0.0,0.0,0.0,0.9717311859130859,0.0,6.707474231719971,flip,False,False,,0.0,0.9717312102460397,0.0,0.0,0.9813985533046661,0.24639797556505383,10.932287668060876,0.4774916503128382,1.0788792365173998,3.292525535178242,0.00040928222715854644
87,-64.88806234628855,-0.22389748692512512,-0.10112573951482773,1.8831276893615723,-0.9935929775238037,-0.09220708906650543,0.037302419543266296,-0.05365994572639465,3.1168723106384277,-0.14579297602176666,0.13510483503341675,-11.07875919342041,0.3741989731788635,0.029328037053346634,0.003517823526635766,0.7094177007675171,0.78318190574646,1.010966420173645,0.5284590721130371,0.0,0.0,0.0,0.0,4.07099723815918e-05,0.0,1.0,0.0,0.0,0.0,0.9718058705329895,0.0,6.883127689361572,flip,False,False,,0.0,0.9718058934798287,0.0,0.0,0.9802126921565342,0.2456755967675687,11.08054252696124,0.37536299972117204,1.1407550220043774,3.116872336969599,0.001437222422361374
88,-66.06498391138561,-0.22120411694049835,-0.1050894632935524,2.0612478256225586,-0.9933547377586365,-0.09479667246341705,0.036952126771211624,-0.05380034074187279,2.9387521743774414,-0.14569082856178284,0.1351991891860962,-11.22691535949707,0.29305264353752136,0.024289730936288834,0.002820246387273073,0.729732871055603,0.7912009358406067,1.311059594154358,0.44521400332450867,0.0,0.0,0.0,0.0,0.00010648369789123535,0.0,1.0,0.0,0.0,0.0,0.9718677401542664,0.0,7.061247825622559,flip,False,False,,0.0,0.9718677467709232,0.0,0.0,0.9792962471965835,0.24489805021918287,11.228674908994417,0.294071081897884,1.3845912336425907,2.93875216615844,0.003759294081330299
89,-67.20310471863431,-0.21857383847236633,-0.10874296724796295,2.241786241531372,-0.9931522011756897,-0.09694107621908188,0.036661528050899506,-0.05391693487763405,2.758213758468628,-0.14557282626628876,0.13518479466438293,-11.37497329711914,0.2519129812717438,0.02016572095453739,0.0024861935526132584,0.748299777507782,0.7977932095527649,0.9816728830337524,0.3599990904331207,0.0,0.0,0.0,0.0,0.00010946393013000488,0.0,1.0,0.0,0.0,0.0,0.9719191193580627,0.0,7.241786479949951,flip,False,False,,0.0,0.9719190983555382,0.0,0.0,0.9785167199431318,0.24413019618576334,11.376708039728536,0.25273104728045764,1.0456007827586602,2.7582136425830908,0.0038645080214738843
90,-68.32635475549337,-0.21598803997039795,-0.11219782382249832,2.4247241020202637,-0.9929723739624023,-0.09880094975233078,0.03641432896256447,-0.05402090772986412,2.5752758979797363,-0.1454695165157318,0.13516175746917725,-11.522931098937988,0.2189919650554657,0.017097895964980125,0.0026711367536336184,0.7611303329467773,0.8025866746902466,0.6360417604446411,0.24156315624713898,0.0,0.0,0.0,0.0,3.0040740966796875e-05,0.0,1.0,0.0,0.0,0.0,0.9719626307487488,0.0,7.424724102020264,flip,False,False,,0.0,0.9719626377918055,0.0,0.0,0.9778247386245199,0.2433910141302643,11.524641816040099,0.21967465538864456,0.6803689033928936,2.575275909021783,0.0010605565166473389
91,-69.45589621508759,-0.21344009041786194,-0.11547717452049255,2.6100573539733887,-0.9928137063980103,-0.10040943324565887,0.03620316460728645,-0.054113347083330154,2.3899426460266113,-0.14536935091018677,0.13513636589050293,-11.670775413513184,0.18816694617271423,0.014491564594209194,0.002488958416506648,0.7691881656646729,0.8056648373603821,0.38851720094680786,0.14932988584041595,0.0,0.0,0.0,0.0,1.0639429092407227e-05,0.0,1.0,0.0,0.0,0.0,0.9719995260238647,0.0,7.610057353973389,flip,False,False,,0.0,0.9719995402580535,0.0,0.0,0.9772145558987017,0.24267602000432317,11.672463336130603,0.1887405648071075,0.4162271310027032,2.389942717529048,0.00037561376631259916
92,-70.59473014295571,-0.21092665195465088,-0.11859191209077835,2.797783851623535,-0.9926761388778687,-0.10178211331367493,0.036023903638124466,-0.05419236049056053,2.202216148376465,-0.14526940882205963,0.13510632514953613,-11.818506240844727,0.15948133170604706,0.012219537049531937,0.002032168209552765,0.7740185260772705,0.8075346946716309,0.2288481891155243,0.08927162736654282,0.0,0.0,0.0,0.0,4.023313522338867e-06,0.0,1.0,0.0,0.0,0.0,0.9720306396484375,0.0,7.797783851623535,flip,False,False,,0.0,0.9720306570541255,0.0,0.0,0.976685361711302,0.2419795335399795,11.820170743918881,0.15996168986609186,0.24564388086001995,2.202216177443048,0.00014203881919384003
93,-71.74066496065902,-0.208444282412529,-0.12155674397945404,2.987900495529175,-0.9925585985183716,-0.10294011980295181,0.03587273880839348,-0.054257795214653015,2.012099504470825,-0.14516833424568176,0.13506841659545898,-11.966121673583984,0.13386133313179016,0.010260929353535175,0.001523394137620926,0.776750922203064,0.8086410760879517,0.12437547743320465,0.05231018364429474,0.0,0.0,0.0,0.0,1.7583370208740234e-06,0.0,1.0,0.0,0.0,0.0,0.9720568060874939,0.0,7.987900257110596,flip,False,False,,0.0,0.9720567862952677,0.0,0.0,0.9762329586806407,0.24129869058429543,11.967764050414422,0.13426267243731754,0.1349281856203542,2.012099612222988,6.207622468471527e-05
94,-72.89170310359647,-0.2059890329837799,-0.12439119815826416,3.1804022789001465,-0.9924590587615967,-0.10391160845756531,0.03574575483798981,-0.05431102588772774,1.8195977210998535,-0.14506568014621735,0.13502058386802673,-12.113622665405273,0.11202474683523178,0.008594315499067307,0.0010715575190261006,0.7779708504676819,0.8092911839485168,0.043105319142341614,0.03082035481929779,0.0,0.0,0.0,0.0,6.258487701416016e-07,0.0,1.0,0.0,0.0,0.0,0.9720786809921265,0.0,8.180401802062988,flip,False,False,,0.0,0.9720786715389452,0.0,0.0,0.9758492376151099,0.24063385644287014,12.115243690849121,0.11235904488671682,0.052990213098520894,1.8195977287975318,2.209492743015289e-05
95,-74.05189534175157,-0.20355656743049622,-0.12711714208126068,3.37528395652771,-0.9923746585845947,-0.10472816228866577,0.03563880920410156,-0.05435509979724884,1.62471604347229,-0.14496104419231415,0.13496223092079163,-12.26101016998291,0.09415127336978912,0.007256684359163046,0.0008611323428340256,0.7778308391571045,0.8095309734344482,-0.037048108875751495,0.00522643281146884,0.0,0.0,0.0,0.0,2.682209014892578e-07,0.0,1.0,0.0,0.0,0.0,0.9720971584320068,0.0,8.375284194946289,flip,False,False,,0.0,0.9720971505339332,0.0,0.0,0.9755237776584733,0.2399875900029272,12.262609844497442,0.09443443809829966,0.03741494460420393,1.624716049321174,9.469254612922668e-06
96,-75.22745773820061,-0.20114335417747498,-0.12975361943244934,3.572540283203125,-0.9923028945922852,-0.10541731119155884,0.035548582673072815,-0.054391298443078995,1.4274598360061646,-0.1448550522327423,0.1348956674337387,-12.408283233642578,0.07936413586139679,0.006094932556152344,0.0005734697915613651,0.776388943195343,0.8095101118087769,-0.11247938126325607,-0.004836533218622208,0.0,0.0,0.0,0.0,2.086162567138672e-07,0.0,1.0,0.0,0.0,0.0,0.9721126556396484,0.0,8.572540283203125,flip,False,False,,0.0,0.9721126711526934,0.0,0.0,0.9752469784240043,0.23936300790203344,12.409862221102403,0.07959989138923299,0.11258331532763996,1.427459806843144,7.364975810050963e-06
97,-76.39260753814119,-0.1987484097480774,-0.132302388548851,3.7721691131591797,-0.9922439455986023,-0.10598161816596985,0.03547373041510582,-0.054419077932834625,1.2278307676315308,-0.14474907517433167,0.13483156263828278,-12.555440902709961,0.06366953998804092,0.005059195216745138,0.00021044147433713078,0.7746639251708984,0.8095279335975647,-0.09642352163791656,0.0043394919484853745,0.0,0.0,0.0,0.0,3.5762786865234375e-07,0.0,1.0,0.0,0.0,0.0,0.9721255302429199,0.0,8.77216911315918,flip,False,False,,0.0,0.9721255542879689,0.0,0.0,0.9750190223015036,0.23875689190227947,12.556998796766313,0.06387057447688128,0.09652112051527931,1.227830787715798,1.2625672817230224e-05
98,-77.56160815215233,-0.19636964797973633,-0.13477246463298798,3.974167585372925,-0.9921965599060059,-0.10643411427736282,0.03541215881705284,-0.05444010719656944,1.0258324146270752,-0.14464165270328522,0.13475941121578217,-12.702483177185059,0.05101030692458153,0.004235776606947184,5.894602509215474e-05,0.773176372051239,0.8096586465835571,-0.0834759995341301,0.009639143012464046,0.0,0.0,0.0,0.0,2.980232238769531e-07,0.0,1.0,0.0,0.0,0.0,0.9721363186836243,0.0,8.974167823791504,flip,False,False,,0.0,0.972136340605101,0.0,0.0,0.974835516203943,0.23816938461591539,12.704021811090508,0.05118590180439689,0.08403068293595164,1.02583238850144,1.052139401435852e-05
99,-78.72372019285002,-0.19400545954704285,-0.13716813921928406,4.17853307723999,-0.9921602010726929,-0.10678098350763321,0.035362131893634796,-0.054456066340208054,0.8214671015739441,-0.1445339471101761,0.13468804955482483,-12.849411010742188,0.038093920797109604,0.0035851621069014072,2.049988688668236e-05,0.7726222276687622,0.8098366856575012,-0.004487795755267143,0.011048432439565659,0.0,0.0,0.0,0.0,2.384185791015625e-07,0.0,1.0,0.0,0.0,0.0,0.9721454977989197,0.0,9.178532600402832,flip,False,False,,0.0,0.9721454701456672,0.0,0.0,0.974694681842685,0.23759886291259794,12.850929611724093,0.038262262284969636,0.01192510681297557,0.8214670830327049,8.417115211486816e-06
100,-79.90510813967204,-0.19165289402008057,-0.13950863480567932,4.38525915145874,-0.9921320080757141,-0.10705012083053589,0.03532113507390022,-0.054468102753162384,0.6147406697273254,-0.1444244086742401,0.13460268080234528,-12.99622631072998,0.03043215721845627,0.0030302871018648148,-5.9140671510249376e-05,0.7726256847381592,0.8100996613502502,0.002827379386872053,0.018103929236531258,0.0,0.0,0.0,0.0,1.4901161193847656e-07,0.0,1.0,0.0,0.0,0.0,0.9721531867980957,0.0,9.385259628295898,flip,False,False,,0.0,0.9721531867081226,0.0,0.0,0.9745853774391218,0.23705166146076345,12.997725320999656,0.030582712473655755,0.01832338179482172,0.6147406418516177,5.26069700717926e-06
101,-81.09049555347609,-0.18930938839912415,-0.14180955290794373,4.59434175491333,-0.9921095967292786,-0.10726415365934372,0.03528701514005661,-0.05447758734226227,0.40565812587738037,-0.14431415498256683,0.1345137059688568,-13.142926216125488,0.024156803265213966,0.002603923436254263,-4.6114015276543796e-05,0.7727617621421814,0.8104268908500671,0.010987108573317528,0.02009255439043045,0.0,0.0,0.0,0.0,1.4901161193847656e-07,0.0,1.0,0.0,0.0,0.0,0.9721598029136658,0.0,9.594342231750488,flip,False,False,,0.0,0.972159817544942,0.0,0.0,0.9744984568122566,0.23653327701743185,13.144406920461321,0.024296784134212178,0.022900377878707086,0.40565813122344857,5.26069700717926e-06
102,-82.28046539676606,-0.1869734823703766,-0.14407756924629211,4.805777072906494,-0.9920918941497803,-0.1074327826499939,0.03525836020708084,-0.05448552966117859,0.19422274827957153,-0.1442033350467682,0.13442182540893555,-13.289512634277344,0.01898365654051304,0.0022806425113230944,1.2913455975649413e-05,0.7730522155761719,0.8107349872589111,0.020686322823166847,0.017225351184606552,0.0,0.0,0.0,0.0,2.980232238769531e-07,0.0,1.0,0.0,0.0,0.0,0.9721656441688538,0.0,9.805777549743652,flip,False,False,,0.0,0.9721656251535085,0.0,0.0,0.9744300908109177,0.23604540100915417,13.290974325602967,0.019120165206605765,0.0269190766973001,0.19422274340202866,1.052139401435852e-05
103,-988.6353190931525,-0.1839960664510727,-0.14926563203334808,4.976838111877441,-0.994961678981781,-0.0760701596736908,0.03102817013859749,-0.05746127665042877,0.023161862045526505,0.9692732095718384,3.426863193511963,-6.12974214553833,-7.998837947845459,3.9542834758758545,0.47554853558540344,0.7737085223197937,0.8110020756721497,0.047565702348947525,0.014048652723431587,0.0,1.0,0.0,1.0,6.258487701416016e-07,0.0,0.0,0.0,0.0,1.0,0.9822351336479187,0.0,4.976838111877441,done,False,True,global_height_limit,0.0,0.9822351253948389,0.0,0.0,0.9864972423698903,0.23692779788574667,7.089190588421253,8.935542142214839,0.04959698264924676,0.023161861192877442,2.209492743015289e-05
1,358.35198814583794,0.0006417398108169436,0.0027087596245110035,-3.944924831390381,0.9999924898147583,-0.003787606954574585,0.0008414298645220697,0.00014874115004204214,8.944925308227539,-0.013568255119025707,-0.009972690604627132,0.08842279762029648,-1.136197566986084,0.29790201783180237,0.08477180451154709,0.16792820394039154,-0.17532198131084442,24.49648666381836,-25.280515670776367,0.0,0.0,0.0,0.0,1.0,0.0,1.0,0.0,0.0,0.0,0.0,0.0,1.0550751686096191,flip,False,False,,350.0,0.0,0.0,0.0,0.9999700135986337,0.00278373996136505,0.09001190333953324,1.1776573436796518,35.202022967816404,8.944924836820393,35.30394
2,17.11706826085773,0.005900738760828972,0.010216563008725643,-3.947753667831421,0.9998888373374939,-0.013181215152144432,0.00680582644417882,0.0014929765602573752,8.94775390625,-0.14285916090011597,-0.10567452013492584,0.2313474416732788,-0.9993380308151245,1.2868672609329224,0.08285021781921387,0.47844213247299194,-0.6591929197311401,6.888800144195557,-17.55755615234375,0.0,0.0,0.0,0.0,0.9999878406524658,0.0,1.0,0.0,0.0,0.0,0.003276980482041836,0.0,1.0522464513778687,flip,False,False,,0.0,0.003276980553194491,0.0,0.0,0.9995594772362214,0.01179817269290719,0.2917147361625797,1.6314312745641555,18.860630369022825,8.947753598529731,35.30351072712421
3,44.77562399132899,0.02163791097700596,0.016819549724459648,-3.952605962753296,0.9995507001876831,-0.018799610435962677,0.023320026695728302,0.001064466079697013,8.952606201171875,-0.3644416332244873,-0.21290627121925354,0.31360501050949097,-0.3663046360015869,2.873588800430298,-0.1142742708325386,0.320569783449173,-0.7953381538391113,-26.403017044067383,-3.389925718307495,0.0,0.0,0.0,0.0,0.999793529510498,0.0,1.0,0.0,0.0,0.0,0.010594514198601246,0.0,1.047394037246704,flip,False,False,,0.0,0.010594514364802724,0.0,0.0,0.9982048849819756,0.027406140063329015,0.5258278204008233,2.899094743003497,26.619746953346326,8.95260594160321,35.29665077822685
4,62.752949390864714,0.04993060976266861,0.024733973667025566,-3.960110664367676,0.9983170628547668,-0.024838034063577652,0.05239848792552948,-0.0007024174556136131,8.960110664367676,-0.5938137173652649,-0.23440459370613098,0.40836986899375916,-1.3099565505981445,4.373832702636719,-0.19801227748394012,-0.025114821270108223,-0.8215646743774414,-9.15431022644043,-0.5308459997177124,0.0,0.0,0.0,0.0,0.9997953176498413,0.0,1.0,0.0,0.0,0.0,0.02173238806426525,0.0,1.0398893356323242,flip,False,False,,0.0,0.021732387340872905,0.0,0.0,0.9932756487243021,0.05572104689571396,0.7578431021209439,4.570077191772094,9.169689099092999,8.960110689561963,35.29671390659094
5,76.05405059669542,0.08940659463405609,0.03338265046477318,-3.971907615661621,0.9951880574226379,-0.03238219767808914,0.0924314484000206,-0.0029326952062547207,8.971907615661621,-0.8093893527984619,-0.1997872292995453,0.5147473812103271,-0.22051109373569489,5.634182453155518,-0.22657984495162964,-0.23837117850780487,-0.8234986662864685,-24.717506408691406,0.11743836849927902,0.0,0.0,0.0,0.0,1.0,0.0,1.0,0.0,0.0,0.0,0.03607971593737602,0.0,1.028092384338379,flip,False,False,,0.0,0.03607971514745781,0.0,0.0,0.9808146995204042,0.09543553112207588,0.979791274324352,5.643046650491053,24.717784593569363,8.97190759356013,35.30394
6,89.75636798226314,0.13799850642681122,0.035876043140888214,-3.9891340732574463,0.9893791675567627,-0.03336626663804054,0.14131687581539154,-0.006711914669722319,8.989133834838867,-1.0050305128097534,-0.09087415784597397,0.6162427067756653,-0.22659578919410706,6.662583827972412,-0.29888245463371277,-0.5421555638313293,-0.8206712603569031,-6.223167419433594,0.19538161158561707,0.0,0.0,0.0,0.0,1.0,0.0,1.0,0.0,0.0,0.0,0.0530458465218544,0.0,1.0108659267425537,flip,False,False,,0.0,0.05304584576632682,0.0,0.0,0.957833404312957,0.14258568414587147,1.1824126345121246,6.673132755935867,6.226233757483791,8.989134070321299,35.30394
7,96.24478950846327,0.19345420598983765,0.037341147661209106,-4.0133843421936035,0.9796457886695862,-0.03630097955465317,0.19718985259532928,-0.009618927724659443,9.013384819030762,-1.174141526222229,0.046140119433403015,0.7239385843276978,-0.5984896421432495,7.498970985412598,-0.02086729370057583,-0.3776147663593292,-0.8178478479385376,26.70840835571289,0.1513945460319519,0.0,0.0,0.0,0.0,1.0,0.0,1.0,0.0,0.0,0.0,0.07214181870222092,0.0,0.9866154789924622,flip,False,False,,0.0,0.07214181876699202,0.0,0.0,0.9195980275296793,0.19702510450436378,1.3801537296895927,7.522844693806491,26.708837377271294,9.013384501621898,35.30394
8,105.1590776885166,0.25321489572525024,0.03472627326846123,-4.045889377593994,0.9653330445289612,-0.035930927842855453,0.2583163380622864,-0.010663461871445179,9.045889854431152,-1.2987831830978394,0.11364033818244934,0.8767620325088501,0.6330205798149109,8.173210144042969,0.2529209852218628,-0.02747325226664543,-0.8158533573150635,9.415666580200195,0.09976179897785187,0.0,0.0,0.0,0.0,0.9999996423721313,0.0,1.0,0.0,0.0,0.0,0.09295472502708435,0.0,0.9541105031967163,flip,False,False,,0.0,0.09295472762336514,0.0,0.0,0.8639622127152818,0.25558499899209836,1.5711344992994358,8.20158819648961,9.416195520813046,9.045889524507338,35.30392737432718
9,110.10668107924151,0.3145454525947571,0.028561238199472427,-4.087795734405518,0.9457951188087463,-0.031562983989715576,0.3230147659778595,-0.011697134003043175,9.08779525756836,-1.3788291215896606,0.1291908621788025,1.0516676902770996,-0.22090889513492584,8.71792984008789,0.3367505967617035,0.18979798257350922,-0.8145790100097656,24.95888900756836,0.06203177943825722,0.0,0.0,0.0,0.0,1.0,0.0,1.0,0.0,0.0,0.0,0.11515475809574127,0.0,0.9122044444084167,flip,False,False,,0.0,0.11515475475435828,0.0,0.0,0.7893314868432223,0.3158394965271072,1.738926355407205,8.727228073741683,24.958966717896114,9.087795580836856,35.30394
10,115.56945529487798,0.37482166290283203,0.02861281856894493,-4.140077590942383,0.9201326966285706,-0.034500569105148315,0.38999414443969727,-0.008372446522116661,9.140077590942383,-1.426293969154358,0.0584474615752697,1.2244433164596558,-0.5245856642723083,9.156861305236816,0.6020955443382263,0.6632341146469116,-0.8137927055358887,16.985334396362305,0.03809893876314163,0.0,0.0,0.0,0.0,1.0,0.0,1.0,0.0,0.0,0.0,0.1384725123643875,0.0,0.8599222898483276,flip,False,False,,0.0,0.13847251100980856,0.0,0.0,0.6934281479963279,0.3759121913932114,1.8806892420676704,9.191616891396052,16.985376963192646,9.140077682650292,35.30394
11,121.26103197725871,0.43175995349884033,0.03063606470823288,-4.201889514923096,0.8882500529289246,-0.03747375309467316,0.4578053653240204,-0.004675239324569702,9.201889038085938,-1.4537630081176758,-0.0784403383731842,1.3794670104980469,-1.125307559967041,9.52015495300293,0.43549713492393494,0.7903949022293091,-0.813317060470581,2.7800562381744385,0.022538311779499054,0.0,0.0,0.0,0.0,1.0,0.0,1.0,0.0,0.0,0.0,0.1627153903245926,0.0,0.7981105446815491,flip,False,False,,0.0,0.16271538643222036,0.0,0.0,0.5780198403353012,0.4328454997073703,2.0056193326330356,9.596318276143732,2.780147541468249,9.201889433812381,35.30394
12,123.01027629808387,0.4829532504081726,0.03974611684679985,-4.272824287414551,0.8496469259262085,-0.04724027216434479,0.5252311825752258,0.0008311684359796345,9.27282428741455,-1.440633773803711,-0.22313548624515533,1.5312803983688354,-2.104067325592041,9.819376945495605,0.23782214522361755,0.7963534593582153,-0.8130390048027039,-1.6100983619689941,0.013037457130849361,0.0,0.0,0.0,0.0,1.0,0.0,1.0,0.0,0.0,0.0,0.18772022426128387,0.0,0.7271758317947388,flip,False,False,,0.0,0.1877202243596711,0.0,0.0,0.443801115470972,0.4845860102962358,2.114245608850208,10.045089412603335,1.6101511484264754,9.272824179282189,35.30394
13,123.97173612847287,0.525722861289978,0.05591946095228195,-4.351985454559326,0.8040660619735718,-0.06395260244607925,0.591020941734314,0.009057917632162571,9.351985931396484,-1.3739666938781738,-0.35817092657089233,1.6804176568984985,-3.036491870880127,10.061726570129395,0.09093961864709854,0.7596637010574341,-0.8128789663314819,-2.488687753677368,0.00748824467882514,0.0,0.0,0.0,0.0,1.0,0.0,1.0,0.0,0.0,0.0,0.21334220468997955,0.0,0.6480144262313843,flip,False,False,,0.0,0.213342201673692,0.0,0.0,0.2932085520571588,0.5286884671028268,2.1999714102390557,10.5103235896178,2.4886989930730827,9.35198557453804,35.30394
14,124.88809931396669,0.5573970079421997,0.07766703516244888,-4.437957286834717,0.751374363899231,-0.08613164722919464,0.6539163589477539,0.020280366763472557,9.437957763671875,-1.2489798069000244,-0.474950909614563,1.8188096284866333,-3.7430872917175293,10.256246566772461,0.0009254314354620874,0.7137171030044556,-0.8127868175506592,-3.4572949409484863,0.004311820957809687,0.0,0.0,0.0,0.0,1.0,0.0,1.0,0.0,0.0,0.0,0.23945951461791992,0.0,0.5620425343513489,flip,False,False,,0.0,0.23945951940729812,0.0,0.0,0.1299494753127834,0.5627820050553233,2.2568999894489434,10.917934789548735,3.4572976519174627,9.43795747948414,35.30394
15,125.90546652506312,0.5756799578666687,0.10276225954294205,-4.528692722320557,0.6916453838348389,-0.11178984493017197,0.712723433971405,0.03398454561829567,9.528693199157715,-1.0658208131790161,-0.5660921931266785,1.9351259469985962,-4.295782089233398,10.411711692810059,-0.05906142294406891,0.6567453742027283,-0.8127337694168091,-3.3288254737854004,0.002519848756492138,0.0,0.0,0.0,0.0,1.0,0.0,1.0,0.0,0.0,0.0,0.26597273349761963,0.0,0.47130706906318665,flip,False,False,,0.0,0.2659727261236782,0.0,0.0,-0.040943395070651735,0.5847798987758684,2.2806022695219186,11.263257886204803,3.3288264456949395,9.528692931537517,35.30394
16,127.14221089614392,0.5787661671638489,0.12940777838230133,-4.621645450592041,0.6250753998756409,-0.13960422575473785,0.766350507736206,0.04998290538787842,9.6216459274292,-0.8300795555114746,-0.6274775862693787,2.017437219619751,-4.759490013122559,10.536523818969727,-0.0678933709859848,0.6209373474121094,-0.8127008080482483,-1.0462052822113037,0.0017040130915120244,0.0,0.0,0.0,0.0,1.0,0.0,1.0,0.0,0.0,0.0,0.2928037643432617,0.0,0.3783543109893799,flip,False,False,,0.0,0.2928037640096049,0.0,0.0,-0.21356483394520534,0.5930570457946027,2.269980886074448,11.561820485380686,1.0462067211150843,9.621645680967667,35.30394
17,128.34410639436274,0.5656909346580505,0.1555090695619583,-4.713817596435547,0.5521033406257629,-0.16798070073127747,0.8138774037361145,0.06758641451597214,9.713817596435547,-0.5520548820495605,-0.6621919274330139,2.0561892986297607,-4.980207443237305,10.638358116149902,-0.05598849430680275,0.6035805940628052,-0.8126775026321411,-1.623156189918518,0.0012346584117040038,0.0,0.0,0.0,0.0,1.0,0.0,1.0,0.0,0.0,0.0,0.31989413499832153,0.0,0.2861822247505188,flip,False,False,,0.0,0.31989412017824087,0.0,0.0,-0.3812279921406206,0.5866764838858346,2.229613783398745,11.746500006466107,1.6231566293330932,9.713817785745581,35.30394
18,129.2164735970066,0.5366424322128296,0.17859071493148804,-4.801986217498779,0.47356554865837097,-0.19541487097740173,0.8545869588851929,0.08502848446369171,9.801986694335938,-0.24140708148479462,-0.6682595610618591,2.042560338973999,-4.778422832489014,10.720701217651367,-0.10081470757722855,0.5442600250244141,-0.8126609325408936,-10.05354118347168,0.0008129715570248663,0.0,0.0,0.0,0.0,0.9999997615814209,0.0,1.0,0.0,0.0,0.0,0.3471941649913788,0.0,0.19801375269889832,flip,False,False,,0.0,0.34719416161051747,0.0,0.0,-0.537012110541404,0.5655791106676237,2.162614314168229,11.73784140025275,10.053541652718048,9.801986241506143,35.303931582884786
19,126.01717129834354,0.4946601092815399,0.19286543130874634,-4.882984161376953,0.39191070199012756,-0.21962672472000122,0.8883140087127686,0.09522787481546402,9.882984161376953,0.08768441528081894,-0.6145574450492859,1.9596236944198608,-3.446897029876709,10.758161544799805,-0.5162168741226196,0.14663808047771454,-0.8015944957733154,-40.24409866333008,1.6799726486206055,0.0,0.0,0.0,0.0,0.9999950528144836,0.0,1.0,0.0,0.0,0.0,0.37458959221839905,0.0,0.11701574176549911,flip,False,False,,0.0,0.3745895952006652,0.0,0.0,-0.6746753704924245,0.5309290992441278,2.0556007455391785,11.308652419786133,40.27914826647852,9.882984258749119,35.30376534485936
20,125.67652665911824,0.4442993998527527,0.19302941858768463,-4.954347133636475,0.31014207005500793,-0.2413930594921112,0.9149262309074402,0.09193070977926254,9.954347610473633,0.358620285987854,-0.4145381450653076,1.8060578107833862,-2.5717101097106934,10.733553886413574,-1.1743578910827637,-0.6772342324256897,-0.7786116600036621,-40.28268051147461,0.5372574925422668,0.0,0.0,0.0,0.0,0.9998342990875244,0.0,1.0,0.0,0.0,0.0,0.4019223749637604,0.0,0.0456528402864933,flip,False,False,,0.0,0.40192236617924865,0.0,0.0,-0.7907214530874855,0.48441955943313714,1.8874044055581938,11.099639280750402,40.28626357149338,9.954347160350927,35.298090104928015
21,111.81746335815353,0.3883190155029297,0.1911209225654602,-5.012156009674072,0.23145754635334015,-0.2635621726512909,0.9318339228630066,0.09299425035715103,10.012155532836914,0.3896203339099884,-0.35073596239089966,1.655322790145874,-3.3326122760772705,9.097817420959473,-0.9106356501579285,-0.9665818214416504,-0.7774375677108765,-4.299544334411621,-0.18709644675254822,0.0,0.0,0.0,0.0,0.19997841119766235,0.0,1.0,0.0,0.0,0.0,0.4250897765159607,0.0,-0.012155983597040176,flip,False,False,,0.0,0.42508976695468736,0.0,0.0,-0.8755591711330337,0.4328034984278357,1.736350536107751,9.731692353122153,4.3036130095449305,10.012155983988478,7.060025830217599
22,109.3402426412842,0.3339926302433014,0.18372704088687897,-5.057438850402832,0.15944169461727142,-0.27951326966285706,0.9422804117202759,0.09251140058040619,10.057438850402832,0.4720841944217682,-0.13747353851795197,1.494935154914856,-1.9396696090698242,8.716363906860352,-0.4589311182498932,-0.9609298706054688,-0.7703014016151428,2.9248485565185547,1.4220958948135376,0.0,0.0,0.0,0.0,0.6692042946815491,0.0,1.0,0.0,0.0,0.0,0.44728580117225647,0.0,-0.05743895098567009,flip,False,False,,0.0,0.4472858063794065,0.0,0.0,-0.9320400980663239,0.38119116127512537,1.5737196648850684,8.941361336793626,3.2522447732665727,10.057438950839671,23.625548267179727
23,108.78756671340895,0.2827191948890686,0.16440726816654205,-5.093277454376221,0.09193211048841476,-0.28923436999320984,0.9493401646614075,0.08151807636022568,10.093277931213379,0.549841046333313,0.088551826775074,1.303344488143921,-0.4490030109882355,8.480982780456543,-0.2131028175354004,-0.9071412086486816,-0.7501677870750427,3.3327250480651855,0.6796987056732178,0.0,0.0,0.0,0.0,0.7072591781616211,0.0,1.0,0.0,0.0,0.0,0.4688824415206909,0.0,-0.09327765554189682,flip,False,False,,0.0,0.46888245102044507,0.0,0.0,-0.9698065973573904,0.3270472463517393,1.4173473334184417,8.495533003065955,3.401330018850598,10.093277653029347,24.96903559026718
24,96.52931615186611,0.23636728525161743,0.139243021607399,-5.119770526885986,0.031687039881944656,-0.29498565196990967,0.952766478061676,0.06492668390274048,10.119771003723145,0.5701538920402527,0.14828726649284363,1.1301178932189941,-0.04288114979863167,7.261305809020996,-0.06197446957230568,-0.8589906692504883,-0.7336682081222534,2.583556652069092,1.8029298782348633,0.0,0.0,0.0,0.0,0.1866506040096283,0.0,1.0,0.0,0.0,0.0,0.4873732030391693,0.0,-0.11977057158946991,flip,False,False,,0.0,0.48737321485321505,0.0,0.0,-0.9895609268624618,0.274332125237622,1.2744532126424786,7.261697055102915,3.1504478672208087,10.11977057035407,6.589501724919677
25,91.36354276005432,0.19518296420574188,0.11162108927965164,-5.13801383972168,-0.021038943901658058,-0.2983977198600769,0.9531156420707703,0.04568062722682953,10.13801383972168,0.6072417497634888,0.29075247049331665,0.9084272384643555,0.6774982213973999,6.79678201675415,-0.020924581214785576,-0.8148391246795654,-0.7100635170936584,3.2383487224578857,0.5135015249252319,0.0,0.0,0.0,0.0,0.4680444300174713,0.0,1.0,0.0,0.0,0.0,0.5046810507774353,0.0,-0.1380140483379364,flip,False,False,,0.0,0.5046810779964492,0.0,0.0,-0.9949413466031918,0.22484585798640355,1.130716408123856,6.830496814832673,3.27880874802675,10.13801404584984,16.523812474671004
26,83.98631212765639,0.15804526209831238,0.08123315870761871,-5.148935317993164,-0.06825605034828186,-0.30058637261390686,0.9510119557380676,0.02377505414187908,10.148935317993164,0.6286390423774719,0.3855377733707428,0.6938926577568054,0.9919944405555725,6.150785446166992,0.0108661949634552,-0.7518190145492554,-0.720150887966156,4.61501932144165,-1.3124722242355347,0.0,0.0,0.0,0.0,0.3268463611602783,0.0,1.0,0.0,0.0,0.0,0.5203438997268677,0.0,-0.14893528819084167,flip,False,False,,0.0,0.5203439249160301,0.0,0.0,-0.9895517857237274,0.17769955820134892,1.0125776249435923,6.2302756382294,4.798019221314041,10.148935285144958,11.538964323620796
27,78.94603709937032,0.1243506446480751,0.04908087104558945,-5.153043270111084,-0.11086052656173706,-0.301788330078125,0.9469074010848999,0.0002945943269878626,10.153042793273926,0.6538178324699402,0.5012453198432922,0.4442506432533264,1.3290307521820068,5.838379383087158,0.057159870862960815,-0.667618453502655,-0.7453337907791138,6.608566761016846,-1.5957344770431519,0.0,0.0,0.0,0.0,0.4366551637649536,0.0,1.0,0.0,0.0,0.0,0.5352112650871277,0.0,-0.15304319560527802,flip,False,False,,0.0,0.5352112357790996,0.0,0.0,-0.9754199853980414,0.1336862549927924,0.9359931718337977,5.988009955004499,6.798494205445829,10.153043193368147,15.415647702248096
28,77.28878332286915,0.09083130955696106,0.015615539625287056,-5.1493754386901855,-0.15297219157218933,-0.3014566898345947,0.9408602118492126,-0.02248239330947399,10.149375915527344,0.6899928450584412,0.6493651866912842,0.1224440187215805,0.7273775339126587,6.020299434661865,0.2326148897409439,-0.371719628572464,-0.7680190801620483,32.8634033203125,-1.2034626007080078,0.0,0.0,0.0,0.0,0.6520902514457703,0.0,1.0,0.0,0.0,0.0,0.5505418181419373,0.0,-0.1493755429983139,flip,False,False,,0.0,0.5505418018999848,0.0,0.0,-0.9521888922141464,0.09216383226518514,0.9553835900561329,6.068541069526198,32.88543329947678,10.149375537570116,23.021355111626384
29,80.76750910221796,0.05202361196279526,-0.016961829736828804,-5.134915828704834,-0.20072810351848602,-0.29683157801628113,0.9327335953712463,-0.04009029641747475,10.134915351867676,0.7856705784797668,0.7594102621078491,-0.3379579782485962,-0.5215998888015747,6.857618808746338,0.668860137462616,0.4048483669757843,-0.7843679785728455,63.7263069152832,-0.8370506763458252,0.0,0.0,0.0,0.0,0.9927905797958374,0.0,1.0,0.0,0.0,0.0,0.5680046081542969,0.0,-0.1349157691001892,flip,False,False,,0.0,0.568004585127569,0.0,0.0,-0.9162027551671821,0.05471891743506127,1.1437647570461627,6.9098753832643425,63.731805926626656,10.134915772221934,35.049419061677455
30,92.4743611148425,0.009349798783659935,-0.05186765640974045,-5.107545375823975,-0.2532063126564026,-0.28906869888305664,0.9211984872817993,-0.06098512187600136,10.107545852661133,0.9811505079269409,0.7170965671539307,-0.772728443145752,0.5890053510665894,7.576638698577881,0.687705934047699,0.8983498215675354,-0.7953207492828369,8.024624824523926,-0.5440388321876526,0.0,0.0,0.0,0.0,0.9987979531288147,0.0,1.0,0.0,0.0,0.0,0.5872983336448669,0.0,-0.10754558444023132,flip,False,False,,0.0,0.5872983376309775,0.0,0.0,-0.8643345065431182,0.05270363049581633,1.4401364697881043,7.630551988035552,8.043045981668975,10.107545582196858,35.26150300938249
31,97.7068976059769,-0.03802524507045746,-0.08487313985824585,-5.066983699798584,-0.31029799580574036,-0.280987024307251,0.9045348167419434,-0.08110609650611877,10.066983222961426,1.1855934858322144,0.6386603713035583,-1.1910585165023804,-0.4527452886104584,8.199274063110352,0.34512361884117126,0.8811569213867188,-0.8022417426109314,-6.683063983917236,-0.3354143500328064,0.0,0.0,0.0,0.0,0.9989347457885742,0.0,1.0,0.0,0.0,0.0,0.6081776022911072,0.0,-0.06698351353406906,flip,False,False,,0.0,0.6081776181724439,0.0,0.0,-0.794273845547732,0.09300198630163763,1.7978151377485432,8.219013783122112,6.691475732951299,10.066983513031245,35.26633232923508
32,100.39855572884075,-0.09143135696649551,-0.10985145717859268,-5.012510776519775,-0.3732261061668396,-0.27044937014579773,0.88264000415802,-0.09222807735204697,10.012510299682617,1.3456281423568726,0.5480197668075562,-1.6341726779937744,-1.8156672716140747,8.722742080688477,0.08471105992794037,0.7645974159240723,-0.806455135345459,-6.423830032348633,-0.2017572820186615,0.0,0.0,0.0,0.0,0.9995771646499634,0.0,1.0,0.0,0.0,0.0,0.630389928817749,0.0,-0.012510553002357483,flip,False,False,,0.0,0.6303898995743076,0.0,0.0,-0.7043925499824251,0.14292318402212686,2.1866780831151194,8.91011001462316,6.426997654567076,10.012510552835938,35.289012246172426
33,102.806125068714,-0.1480553150177002,-0.1256587654352188,-4.943511009216309,-0.4404914379119873,-0.2556770443916321,0.8553848266601562,-0.09441041201353073,9.943511009216309,1.4478931427001953,0.44618192315101624,-2.09936261177063,-2.9487650394439697,9.154349327087402,-0.015923958271741867,0.6943553686141968,-0.8089722990989685,-2.290048599243164,-0.11972130835056305,0.0,0.0,0.0,0.0,0.9999932050704956,0.0,1.0,0.0,0.0,0.0,0.6537012457847595,0.0,0.05648912116885185,flip,False,False,,0.0,0.6537012593714092,0.0,0.0,-0.5941079866436827,0.19419192373241453,2.5889760018333217,9.617566517665876,2.293175895900707,9.943510877864535,35.30370011221647
34,104.46814726275753,-0.20375359058380127,-0.1328209489583969,-4.859936237335205,-0.509761393070221,-0.23622453212738037,0.8223025798797607,-0.09033160656690598,9.859936714172363,1.4949883222579956,0.32965242862701416,-2.572843551635742,-3.654510259628296,9.50849437713623,-0.03416645526885986,0.6678352355957031,-0.8104530572891235,-1.773830533027649,-0.06987100839614868,0.0,0.0,0.0,0.0,0.9999507665634155,0.0,1.0,0.0,0.0,0.0,0.6779144406318665,0.0,0.1400635987520218,flip,False,False,,0.0,0.6779144416623578,0.0,0.0,-0.4639670366180038,0.24322197042716107,2.9938579245869974,10.186661846005254,1.7752061156951067,9.85993639989354,35.302201865708824
35,105.30921402134568,-0.2544403076171875,-0.13216914236545563,-4.762631893157959,-0.5787721872329712,-0.21291834115982056,0.7828710079193115,-0.08247114717960358,9.7626314163208,1.484336018562317,0.1992747038602829,-3.0425450801849365,-4.0987324714660645,9.774272918701172,-0.07684904336929321,0.6271197199821472,-0.80026775598526,-3.373978853225708,1.6381181478500366,0.0,0.0,0.0,0.0,0.9955674409866333,0.0,1.0,0.0,0.0,0.0,0.702804446220398,0.0,0.23736828565597534,flip,False,False,,0.0,0.7028044235305823,0.0,0.0,-0.3164423330814206,0.2867203494493438,3.391171467209049,10.599147413225456,3.7506218557576516,9.762631717613413,35.14745320254564
36,102.01265792574081,-0.29612448811531067,-0.12555284798145294,-4.654096603393555,-0.6447957754135132,-0.18822091817855835,0.7371708154678345,-0.07341983914375305,9.654096603393555,1.408855676651001,0.06546107679605484,-3.475978374481201,-3.5714831352233887,9.795621871948242,-0.22829453647136688,0.4641677141189575,-0.7557064890861511,-22.39069175720215,3.852562427520752,0.0,0.0,0.0,0.0,0.9275369644165039,0.0,1.0,0.0,0.0,0.0,0.7277487516403198,0.0,0.3459034860134125,flip,False,False,,0.0,0.7277487704153824,0.0,0.0,-0.1576938059809624,0.32164147389233183,3.7512111661769865,10.42889364987226,22.719711800883843,9.654096521435095,32.74570933954239
37,90.17116204294022,-0.32466939091682434,-0.11959899216890335,-4.5397515296936035,-0.7036995887756348,-0.17001426219940186,0.6864487528800964,-0.06848423182964325,9.539751052856445,1.2638461589813232,-0.012725322507321835,-3.821922540664673,-2.022804021835327,9.364130973815918,-0.6986420750617981,-0.14559690654277802,-0.7021002173423767,-53.559505462646484,2.1384904384613037,0.0,0.0,0.0,0.0,0.7409689426422119,0.0,1.0,0.0,0.0,0.0,0.7515943646430969,0.0,0.46024850010871887,flip,False,False,,0.0,0.7515943351977986,0.0,0.0,-0.00023134619365207908,0.3459973068438881,4.025489010806677,9.60556056801862,53.60218025798881,9.539751501217497,26.15912309290409
38,91.351466739722,-0.3404161036014557,-0.11459187418222427,-4.422301769256592,-0.7559163570404053,-0.15739475190639496,0.6322252154350281,-0.06409896165132523,9.42230224609375,1.0226402282714844,0.04576463997364044,-4.138056755065918,-2.4565117359161377,9.184847831726074,-0.9564892053604126,-0.7754659652709961,-0.6948366165161133,-15.16895580291748,-1.1766875982284546,0.0,0.0,0.0,0.0,0.8702633380889893,0.0,1.0,0.0,0.0,0.0,0.7749833464622498,0.0,0.5776981115341187,flip,False,False,,0.0,0.7749833577077386,0.0,0.0,0.1510350508800416,0.3591857863036724,4.262792805756065,9.555665736060964,15.214526171222444,9.422301897434538,30.72372467209339
39,74.63328118175605,-0.34869688749313354,-0.10493884980678558,-4.30661678314209,-0.8000936508178711,-0.1401711255311966,0.5805618762969971,-0.05612583085894585,9.30661678314209,1.004852056503296,0.05780840665102005,-4.306626796722412,-2.7808618545532227,7.589627742767334,-0.5587666034698486,-0.8218570947647095,-0.7248343825340271,5.383760452270508,-2.1114847660064697,0.0,0.0,0.0,0.0,0.06833904981613159,0.0,1.0,0.0,0.0,0.0,0.7943102121353149,0.0,0.6933832764625549,flip,False,False,,0.0,0.7943101861368228,0.0,0.0,0.28659881218514915,0.36414513558567446,4.422680658487349,8.102336826808916,5.783013407283059,9.306616734864937,2.4126377143657205
40,56.373051200262886,-0.3537304997444153,-0.09202516824007034,-4.1970109939575195,-0.8344953060150146,-0.1190667673945427,0.5358588695526123,-0.04791628196835518,9.19701099395752,0.9699264168739319,0.07471869140863419,-4.478621006011963,-3.283149242401123,6.40144157409668,-0.07069157809019089,-0.5240859389305115,-0.7555245161056519,33.51423263549805,-1.6545002460479736,0.0,0.0,0.0,0.0,0.11783376336097717,0.0,1.0,0.0,0.0,0.0,0.8106113076210022,0.0,0.8029887676239014,flip,False,False,,0.0,0.8106113231979444,0.0,0.0,0.39735443018019784,0.36550498032573003,4.583054178550795,7.194617398940906,33.555045180919,9.197011227122124,4.159996111670136
41,47.8577190721604,-0.35680824518203735,-0.07936222106218338,-4.092629432678223,-0.8608963489532471,-0.09803073108196259,0.4974334239959717,-0.0425146110355854,9.092629432678223,0.9582919478416443,0.07234781980514526,-4.639620304107666,-1.8749829530715942,5.283315658569336,0.23003815114498138,-0.07234419137239456,-0.7774185538291931,15.420876502990723,-1.097470760345459,0.0,0.0,0.0,0.0,0.03567120432853699,0.0,1.0,0.0,0.0,0.0,0.8240651488304138,0.0,0.9073706269264221,flip,False,False,,0.0,0.8240651762002462,0.0,0.0,0.48590176467648305,0.3655276873312817,4.738104657475909,5.610873675017567,15.459879539765394,9.092629358926752,1.2593340573424099
42,34.647723364312355,-0.35916873812675476,-0.07056018710136414,-3.992799997329712,-0.8806626200675964,-0.08250122517347336,0.4647369086742401,-0.040577154606580734,8.992799758911133,0.9469494819641113,0.07174216955900192,-4.798061847686768,-2.1647088527679443,4.363103866577148,0.2817084491252899,0.2369287759065628,-0.7914175987243652,30.4663143157959,-0.6797441244125366,0.0,0.0,0.0,0.0,0.03038942813873291,0.0,1.0,0.0,0.0,0.0,0.8351757526397705,0.0,1.007200002670288,flip,False,False,,0.0,0.8351757286701781,0.0,0.0,0.55442472538045,0.36603404399902184,4.891140891193801,4.878729157709121,30.473895822120863,8.992799953102116,1.0728665476441384
43,29.907957494740387,-0.3623398244380951,-0.06252320110797882,-3.8957483768463135,-0.8958096504211426,-0.06860318034887314,0.4373522102832794,-0.039264701306819916,8.895748138427734,0.9437795877456665,0.06734133511781693,-4.954413414001465,-0.8693758845329285,3.567293167114258,0.29238319396972656,0.6025427579879761,-0.7999132871627808,9.342063903808594,-0.40495234727859497,0.0,0.0,0.0,0.0,0.0073409974575042725,0.0,1.0,0.0,0.0,0.0,0.8442597389221191,0.0,1.1042516231536865,flip,False,False,,0.0,0.844259766348213,0.0,0.0,0.6080336676470615,0.367694586037089,5.043953568778282,3.6833250566422056,9.350836293122997,8.895748396417316,0.25916613377988335
44,24.187334539772735,-0.36609894037246704,-0.06020112335681915,-3.800717830657959,-0.9070767760276794,-0.06284302473068237,0.41424641013145447,-0.040772970765829086,8.800718307495117,0.9371830224990845,0.06277544051408768,-5.110728740692139,-0.37131819128990173,2.943427801132202,0.17303720116615295,0.65754634141922,-0.8047888278961182,0.45958176255226135,-0.2241300642490387,0.0,0.0,0.0,0.0,0.01846921443939209,0.0,1.0,0.0,0.0,0.0,0.8517551422119141,0.0,1.1992820501327515,flip,False,False,,0.0,0.8517551437939554,0.0,0.0,0.6489013977865001,0.37101565075679827,5.196325823957574,2.971798533581315,0.5113214966446714,8.800717938699018,0.6520360384154319
45,18.620538873941246,-0.37089306116104126,-0.05889694765210152,-3.706104040145874,-0.9159696102142334,-0.0591488741338253,0.3946385383605957,-0.04197066277265549,8.706104278564453,0.9220033884048462,0.05395675450563431,-5.268203258514404,-0.3031083047389984,2.4961516857147217,0.09005514532327652,0.6507506966590881,-0.8069105744361877,-0.89638352394104,-0.07084548473358154,0.0,0.0,0.0,0.0,0.0481874942779541,0.0,1.0,0.0,0.0,0.0,0.858111560344696,0.0,1.293895959854126,flip,False,False,,0.0,0.8581115418565608,0.0,0.0,0.6815237020813124,0.3755402904178452,5.348548042768105,2.5160997173658846,0.8991787827014475,8.706104082500373,1.7012084067392348
46,17.004140390934932,-0.3756575584411621,-0.056972842663526535,-3.6103508472442627,-0.9237146973609924,-0.05544204264879227,0.37666329741477966,-0.04245058447122574,8.610350608825684,0.8642957210540771,0.01977449841797352,-5.43227481842041,-0.4111269414424896,2.432797431945801,0.04149577394127846,0.6256981492042542,-0.8073311448097229,-2.4178783893585205,0.0006671427399851382,0.0,0.0,0.0,0.0,0.1949584186077118,0.0,1.0,0.0,0.0,0.0,0.864306628704071,0.0,1.3896491527557373,flip,False,False,,0.0,0.8643066093736294,0.0,0.0,0.7101019094915159,0.37995330460203086,5.50063713065657,2.467640592648696,2.4178784526433037,8.610350834578904,6.88280031302154
47,15.442241318116412,-0.37907442450523376,-0.054310064762830734,-3.512437582015991,-0.9310711026191711,-0.0517730750143528,0.3586283326148987,-0.04256569966673851,8.51243782043457,0.7935235500335693,-0.02098512090742588,-5.594260215759277,-0.10196449607610703,2.4644412994384766,-0.0013900860212743282,0.5371835231781006,-0.8078300356864929,-13.911096572875977,-0.04641219228506088,0.0,0.0,0.0,0.0,0.2352893352508545,0.0,1.0,0.0,0.0,0.0,0.8705822825431824,0.0,1.4875624179840088,flip,False,False,,0.0,0.8705822578003279,0.0,0.0,0.737411384377211,0.38294516184423605,5.650298097511583,2.466550217943273,13.91117370959765,8.512437525332425,8.30664057433605
48,11.195236496223089,-0.37986311316490173,-0.05536257103085518,-3.4123504161834717,-0.9380151629447937,-0.05422505363821983,0.3394373059272766,-0.044379815459251404,8.41235065460205,0.697977602481842,-0.061144616454839706,-5.748477458953857,0.9667108654975891,2.617414951324463,-0.1286337822675705,0.07055364549160004,-0.8084142804145813,-44.63329315185547,-0.028025057166814804,0.0,0.0,0.0,0.0,0.2979333698749542,0.0,1.0,0.0,0.0,0.0,0.8772474527359009,0.0,1.5876497030258179,flip,False,False,,0.0,0.8772474499847269,0.0,0.0,0.7636850796626492,0.38387627179183,5.791019076444697,2.7931947703836855,44.633303594217104,8.412350297104158,10.51822181406319
49,11.491553693776822,-0.37934261560440063,-0.05721701681613922,-3.310626268386841,-0.9443450570106506,-0.0585058219730854,0.3204667866230011,-0.045722704380750656,8.310626029968262,0.6600955724716187,-0.05707550048828125,-5.89876651763916,-0.12667065858840942,2.3475608825683594,-0.22015970945358276,-0.5468576550483704,-0.8090183138847351,-22.258771896362305,-0.04003802686929703,0.0,0.0,0.0,0.0,0.10669201612472534,0.0,1.0,0.0,0.0,0.0,0.8832254409790039,0.0,1.6893736124038696,flip,False,False,,0.0,0.8832254644787596,0.0,0.0,0.7877555444990317,0.38363342873125156,5.935859683046996,2.361261839208412,22.258807661133638,8.310626335414643,3.7666485357463357
50,13.112585392628958,-0.3786403238773346,-0.05227024108171463,-3.206637382507324,-0.9506977200508118,-0.05327356979250908,0.3023514747619629,-0.043810226023197174,8.206637382507324,0.5700839161872864,-0.027156420052051544,-6.046706676483154,-1.0799845457077026,2.4663119316101074,-0.1372881978750229,-0.6464328765869141,-0.8099139332771301,9.197864532470703,-0.06036188825964928,0.0,0.0,0.0,0.0,0.2707197666168213,0.0,1.0,0.0,0.0,0.0,0.8895058631896973,0.0,1.7933626174926758,flip,False,False,,0.0,0.8895058760514686,0.0,0.0,0.8114898582558218,0.38223118664948785,6.073581506077353,2.695905955066127,9.198062240696643,8.206637358533882,9.55747439745426
51,5.676781363073592,-0.3770509362220764,-0.04230428487062454,-3.1004321575164795,-0.9569519758224487,-0.04047026112675667,0.2845335006713867,-0.040568262338638306,8.100432395935059,0.5149537324905396,-0.011872406117618084,-6.1932830810546875,-2.0618674755096436,2.34226393699646,0.03187638148665428,-0.23470184206962585,-0.8103910088539124,41.798309326171875,-0.010862991213798523,0.0,0.0,0.0,0.0,0.16227981448173523,0.0,1.0,0.0,0.0,0.0,0.895470380783081,0.0,1.89956796169281,flip,False,False,,0.0,0.895470402110265,0.0,0.0,0.8348048075802078,0.379416732038982,6.214665949994226,3.1206592119863066,41.798309356830636,8.100432092086526,5.729116833674311
52,2.1450817680772545,-0.3757166564464569,-0.027937885373830795,-2.992974042892456,-0.9623766541481018,-0.021250994876027107,0.26837441325187683,-0.036807332187891006,7.992973804473877,0.48576751351356506,-0.018074486404657364,-6.340985298156738,-1.7562311887741089,2.0733683109283447,0.19259308278560638,0.6322824954986572,-0.7993852496147156,45.339324951171875,1.6810837984085083,0.0,0.0,0.0,0.0,0.08603551983833313,0.0,1.0,0.0,0.0,0.0,0.9007502198219299,0.0,2.007025957107544,flip,False,False,,0.0,0.9007501913518217,0.0,0.0,0.8550475484926741,0.3767539256421129,6.359590338021328,2.7240221360766004,45.37047948494612,7.992974001200588,3.0373928302413225
53,1.0029449808808617,-0.37442490458488464,-0.023923706263303757,-2.884819269180298,-0.9663615822792053,-0.016286049038171768,0.25395259261131287,-0.03725815191864967,7.884819030761719,0.479247123003006,-0.027790658175945282,-6.493305206298828,0.22668366134166718,1.7233250141143799,0.12425094097852707,0.9483755230903625,-0.7542579174041748,3.2291083335876465,3.885394334793091,0.0,0.0,0.0,0.0,0.020895063877105713,0.0,1.0,0.0,0.0,0.0,0.9051386117935181,0.0,2.115180730819702,flip,False,False,,0.0,0.9051386024182612,0.0,0.0,0.8704857950194377,0.37518841038345274,6.511026123847453,1.7426051824163988,5.052071836072406,7.884819199555383,0.7376780814135074
54,-5.7477376353441985,-0.37372714281082153,-0.025153499096632004,-2.7753381729125977,-0.9694814085960388,-0.01891874149441719,0.2413148432970047,-0.038923345506191254,7.775338172912598,0.4621855318546295,-0.04325639456510544,-6.644175052642822,0.49609825015068054,1.5154452323913574,0.040453895926475525,0.8955702185630798,-0.6780950427055359,-7.2897114753723145,5.420691967010498,0.0,0.0,0.0,0.0,0.0635547935962677,0.0,1.0,0.0,0.0,0.0,0.908997654914856,0.0,2.2246618270874023,flip,False,False,,0.0,0.9089976520318572,0.0,0.0,0.8828185200489074,0.37457266332801076,6.660371675936311,1.5950938115191295,9.08426060458971,7.775338220528572,2.2437346198350188
55,-11.195204012079172,-0.3734951615333557,-0.02654874697327614,-2.664156675338745,-0.9721002578735352,-0.0222019013017416,0.2299969494342804,-0.04036783427000046,7.664156913757324,0.44338440895080566,-0.060267288237810135,-6.791463375091553,0.6522873640060425,1.366758108139038,0.03899189457297325,0.7396531105041504,-0.6070286631584167,-15.931730270385742,2.8750128746032715,0.0,0.0,0.0,0.0,0.07236149907112122,0.0,1.0,0.0,0.0,0.0,0.9124780893325806,0.0,2.335843324661255,flip,False,False,,0.0,0.912478072956394,0.0,0.0,0.8932172013903015,0.3744375351858061,6.806187967910647,1.5149346195452644,16.189061604695272,7.664156679710758,2.554646021516919
56,-11.93926825547226,-0.37329673767089844,-0.02731063775718212,-2.551100015640259,-0.9744197130203247,-0.0250441525131464,0.21941342949867249,-0.04167411848902702,7.551100254058838,0.4125834107398987,-0.08204088360071182,-6.929503440856934,0.22140081226825714,1.3187086582183838,0.028497446328401566,0.5117306709289551,-0.5912359356880188,-12.308212280273438,-0.8046230673789978,0.0,0.0,0.0,0.0,0.11676925420761108,0.0,1.0,0.0,0.0,0.0,0.9158361554145813,0.0,2.448899984359741,flip,False,False,,0.0,0.9158361368761307,0.0,0.0,0.9024610077974619,0.3742944370191234,6.942260039255545,1.3374688186707904,12.334484721484264,7.551100042923224,4.122414744390249
57,-14.532889642062345,-0.37223613262176514,-0.0281443502753973,-2.4361002445220947,-0.9766307473182678,-0.02863999828696251,0.2086450308561325,-0.042888108640909195,7.436100006103516,0.36075589060783386,-0.11017655581235886,-7.052605628967285,0.9824607968330383,1.394491195678711,-0.03608928620815277,0.15844106674194336,-0.6277947425842285,-35.51197052001953,-3.446690797805786,0.0,0.0,0.0,0.0,0.18735957145690918,0.0,1.0,0.0,0.0,0.0,0.91938716173172,0.0,2.5638997554779053,flip,False,False,,0.0,0.9193871794763414,0.0,0.0,0.9112945341389181,0.37329859985482233,7.062685798692068,1.7062055019506497,35.678840144429905,7.436100136361754,6.614531069140433
58,4.085405152908097,-0.3674263656139374,-0.02917349524796009,-2.319024085998535,-0.9792883992195129,-0.03321818262338638,0.19489504396915436,-0.04366540163755417,7.319024085998535,0.20236775279045105,-0.11592808365821838,-7.115633964538574,0.11034651845693588,2.0447466373443604,-0.1243252158164978,-0.3208566904067993,-0.6832694411277771,-16.995534896850586,-3.1964046955108643,0.0,0.0,0.0,0.0,0.5295401811599731,0.0,1.0,0.0,0.0,0.0,0.9245941042900085,0.0,2.680975914001465,flip,False,False,,0.0,0.9245940841599989,0.0,0.0,0.9218242575974053,0.3685827388770279,7.119454993691228,2.0514926588845728,17.293502280291815,7.319024092463018,18.69485478326082
59,-2.6273311519024882,-0.3606543242931366,-0.026592344045639038,-2.2000527381896973,-0.9821487665176392,-0.03277742117643356,0.18010428547859192,-0.043264809995889664,7.200052738189697,0.18797586858272552,-0.11162131279706955,-7.261042594909668,-0.2676931619644165,1.7272309064865112,-0.09576616436243057,-0.5510403513908386,-0.7155860662460327,-7.741954803466797,-0.5407617688179016,0.0,0.0,0.0,0.0,0.04379698634147644,0.0,1.0,0.0,0.0,0.0,0.9289924502372742,0.0,2.7999472618103027,flip,False,False,,0.0,0.9289924415049604,0.0,0.0,0.9329760696218912,0.3616333720860909,7.264332963613513,1.7504734601543466,7.760817447536591,7.200052644337193,1.5462061779803036
60,-4.756988227804615,-0.3545812964439392,-0.022341929376125336,-2.079434871673584,-0.9845867156982422,-0.02966979146003723,0.1669807881116867,-0.042732931673526764,7.079434871673584,0.1475483924150467,-0.09671922773122787,-7.394620418548584,-0.2989247143268585,1.6375001668930054,-0.03239443153142929,-0.6098282337188721,-0.6991453766822815,-1.7038062810897827,2.4774045944213867,0.0,0.0,0.0,0.0,0.13361746072769165,0.0,1.0,0.0,0.0,0.0,0.933162271976471,0.0,2.920565128326416,flip,False,False,,0.0,0.9331623015842537,0.0,0.0,0.9424742690195714,0.35528447346608955,7.396724827076771,1.664876081049703,3.0067405892376127,7.079434835174402,4.717222816482782
61,-10.797135293069662,-0.34879496693611145,-0.018869608640670776,-1.9571486711502075,-0.9866014122962952,-0.027319280430674553,0.15507857501506805,-0.0426841601729393,6.957148551940918,0.13259533047676086,-0.09087294340133667,-7.538881301879883,-0.16554246842861176,1.4011174440383911,0.02049175836145878,-0.6383243203163147,-0.6387543678283691,-2.0287482738494873,6.189317226409912,0.0,0.0,0.0,0.0,0.049479126930236816,0.0,1.0,0.0,0.0,0.0,0.9367302060127258,0.0,3.042851209640503,flip,False,False,,0.0,0.9367302177625605,0.0,0.0,0.9504088880512839,0.34930501936327557,7.540595044833012,1.4110117683621308,6.5133300316698985,6.957148715999489,1.7468081283974646
62,-17.305379979257147,-0.34384647011756897,-0.01630207523703575,-1.8332133293151855,-0.9881349802017212,-0.025861363857984543,0.14497032761573792,-0.043635718524456024,6.8332133293151855,0.11161214858293533,-0.07946135848760605,-7.676278114318848,-0.05928441509604454,1.1996911764144897,0.11666224151849747,-0.6624341011047363,-0.41158750653266907,-0.9930577874183655,17.725257873535156,0.0,0.0,0.0,0.0,0.07890930771827698,0.0,1.0,0.0,0.0,0.0,0.9397851824760437,0.0,3.1667866706848145,flip,False,False,,0.0,0.9397852063418335,0.0,0.0,0.9566296449604087,0.34423269527412076,7.677500501052656,1.2068072417532782,17.75305367702262,6.8332133372096235,2.785809465127587
63,-19.0882926056252,-0.3393050730228424,-0.01418505422770977,-1.7073744535446167,-0.9894677996635437,-0.024994075298309326,0.13579440116882324,-0.043459076434373856,6.707374572753906,0.10575710237026215,-0.07435866445302963,-7.820880889892578,-0.06453703343868256,1.1450742483139038,-0.21884678304195404,-0.6650069952011108,-0.3061712980270386,0.5707567930221558,-8.233003616333008,0.0,0.0,0.0,0.0,0.02858087420463562,0.0,1.0,0.0,0.0,0.0,0.9427011013031006,0.0,3.2926254272460938,flip,False,False,,0.0,0.9427011140760116,0.0,0.0,0.9618697268459032,0.33960146246763784,7.821949480825873,1.167584717473852,8.252763906411904,6.707374509971076,1.0090174680680035
64,-20.48867133608851,-0.33462968468666077,-0.013449075631797314,-1.5797646045684814,-0.9906316995620728,-0.025680646300315857,0.12703239917755127,-0.04303599148988724,6.5797648429870605,0.06736516207456589,-0.04224357753992081,-7.929309844970703,0.3094072937965393,1.0204901695251465,0.09002421051263809,-0.6628457307815552,-0.35303330421447754,-0.6573161482810974,9.623383522033691,0.0,0.0,0.0,0.0,0.19053751230239868,0.0,1.0,0.0,0.0,0.0,0.9452997446060181,0.0,3.4202353954315186,flip,False,False,,0.0,0.9452997708562763,0.0,0.0,0.9664071218645515,0.3348998357026583,7.929708592076897,1.070157627459743,9.645805994856588,6.579764624056768,6.726724902073144
65,-24.39526393110614,-0.3301226496696472,-0.014139462262392044,-1.4504845142364502,-0.9915279150009155,-0.027785176411271095,0.11918831616640091,-0.04352584481239319,6.450484275817871,0.058824144303798676,-0.033835478127002716,-8.069153785705566,0.284280002117157,0.971943199634552,-0.16539569199085236,-0.6689491271972656,-0.2889532744884491,0.4084811508655548,-8.69015121459961,0.0,0.0,0.0,0.0,0.046406567096710205,0.0,1.0,0.0,0.0,0.0,0.9477748274803162,0.0,3.54951548576355,flip,False,False,,0.0,0.9477748039178119,0.0,0.0,0.9700437147952621,0.3304253264644951,8.069438798321467,1.0260820914069717,8.699746720975899,6.450484458313745,1.6383346603882312
66,-15.567188734610006,-0.3241890072822571,-0.017227349802851677,-1.3198236227035522,-0.9923769235610962,-0.032344453036785126,0.11051268875598907,-0.04391865059733391,6.319823741912842,-0.028098275884985924,0.044742245227098465,-8.111278533935547,0.9356061220169067,1.1276216506958008,0.1227097138762474,-0.6474575400352478,-0.3389242887496948,1.8594897985458374,9.531977653503418,0.0,0.0,0.0,0.0,0.4644489884376526,0.0,1.0,0.0,0.0,0.0,0.9506462812423706,0.0,3.6801764965057373,flip,False,False,,0.0,0.9506462689675977,0.0,0.0,0.9734820279118269,0.32464640303091413,8.111450818014358,1.4703561458782994,9.71165803739064,6.319823615451592,16.39687922086358
67,-25.049717748736757,-0.31745579838752747,-0.02212843857705593,-1.1878515481948853,-0.9930288791656494,-0.038503747433423996,0.10185816884040833,-0.045122258365154266,6.187851428985596,-0.029129697009921074,0.04602154716849327,-8.260812759399414,0.7158557772636414,1.0266947746276855,-0.13183139264583588,-0.6085717678070068,-0.2760447859764099,3.1568591594696045,-8.757135391235352,0.0,0.0,0.0,0.0,0.00437965989112854,0.0,1.0,0.0,0.0,0.0,0.9532607197761536,0.0,3.8121485710144043,flip,False,False,,0.0,0.9532607257428495,0.0,0.0,0.9762842497824424,0.3182261038180496,8.260992700480106,1.2585432724149426,9.308769414656181,6.187851515588991,0.15461925001680848
68,-10.352648888207177,-0.30903586745262146,-0.02761230245232582,-1.054842472076416,-0.9936944842338562,-0.04448358342051506,0.09210816770792007,-0.04591910168528557,6.054842472076416,-0.14450493454933167,0.1367160826921463,-8.240011215209961,0.6280365586280823,1.3177777528762817,0.11906390637159348,-0.4296873211860657,-0.3270533084869385,24.16267204284668,9.468856811523438,0.0,0.0,0.0,0.0,0.6524814963340759,0.0,1.0,0.0,0.0,0.0,0.9566164016723633,0.0,3.945157527923584,flip,False,False,,0.0,0.9566164191368731,0.0,0.0,0.9790738009935979,0.3102669814459589,8.242412487772604,1.4646310955080983,25.951762621433897,6.054842444924363,23.035167597688435
69,-34.71388423175104,-0.3002783954143524,-0.0337444543838501,-0.9210928678512573,-0.9940947890281677,-0.050315968692302704,0.0833236575126648,-0.04796867072582245,5.921092987060547,-0.14546608924865723,0.13475199043750763,-8.390915870666504,1.2720494270324707,0.8466020226478577,0.10282629728317261,-0.12645037472248077,0.08561628311872482,6.389886856079102,41.74694061279297,0.0,0.0,0.0,0.0,1.1920928955078125e-07,0.0,1.0,0.0,0.0,0.0,0.9587723016738892,0.0,4.078907012939453,flip,False,False,,0.0,0.9587722734344752,0.0,0.0,0.9810528008651489,0.30216850502070125,8.393258586910797,1.5314757188413273,42.233134175722434,5.9210928471142426,4.208557605743408e-06
70,-31.800422866006663,-0.2924819588661194,-0.04354856163263321,-0.7857080698013306,-0.993963360786438,-0.06138233095407486,0.07621699571609497,-0.049598757177591324,5.785707950592041,-0.14519111812114716,0.13429319858551025,-8.54124641418457,1.4111992120742798,0.8742398023605347,-0.014948426745831966,-0.13333551585674286,0.6173936724662781,-3.164623737335205,15.224831581115723,0.0,0.0,0.0,0.0,0.00038504600524902344,0.0,1.0,0.0,0.0,0.0,0.96099853515625,0.0,4.214292049407959,flip,False,False,,0.0,0.9609985068628578,0.0,0.0,0.9808462908562608,0.29570622296213156,8.543536349683903,1.66012109608331,15.550252225443078,5.785708071545619,0.013593641066551207
71,-36.740483658442535,-0.2842879891395569,-0.05495216324925423,-0.6483705639839172,-0.9935314059257507,-0.07485421001911163,0.06868313252925873,-0.050742436200380325,5.648370742797852,-0.14500243961811066,0.13210751116275787,-8.691912651062012,2.178208112716675,0.8089796304702759,-0.060576677322387695,-0.35642075538635254,0.7077072262763977,-27.971097946166992,0.5079548358917236,0.0,0.0,0.0,0.0,0.0,0.0,1.0,0.0,0.0,0.0,0.9630585312843323,0.0,4.351629257202148,flip,False,False,,0.0,0.9630585566009835,0.0,0.0,0.9793611093367,0.28955035345437663,8.694126264400891,2.3243725883497235,27.97570979225024,5.648370545136646,0.0
72,-37.1597871887919,-0.27681460976600647,-0.06570188701152802,-0.5089385509490967,-0.9928966164588928,-0.08739372342824936,0.06213714927434921,-0.05155187100172043,5.508938312530518,-0.14566192030906677,0.1353388875722885,-8.841656684875488,0.9409373998641968,0.6607832312583923,-0.05330066755414009,-0.6711925268173218,0.7060335874557495,-7.92936897277832,0.2218371480703354,0.0,0.0,0.0,0.0,4.380941390991211e-06,0.0,1.0,0.0,0.0,0.0,0.9647412300109863,0.0,4.491061687469482,flip,False,False,,0.0,0.9647412272144086,0.0,0.0,0.9770021187207318,0.28450495312457824,8.843892207057968,1.1510163217032632,7.932471639102106,5.508938549274325,0.00015466449201107023
73,-39.69263812472247,-0.2707245945930481,-0.07126022130250931,-0.3664936423301697,-0.9927149415016174,-0.09244133532047272,0.0571269765496254,-0.052040401846170425,5.3664937019348145,-0.1460382491350174,0.1364399492740631,-8.991485595703125,0.4838486611843109,0.532167375087738,-0.018692977726459503,-0.7271223068237305,0.7228759527206421,-0.8495811820030212,1.510125756263733,0.0,0.0,0.0,0.0,0.0,0.0,1.0,0.0,0.0,0.0,0.9660964012145996,0.0,4.6335062980651855,flip,False,False,,0.0,0.9660963802481142,0.0,0.0,0.9763820956400835,0.2799461192962656,8.99370690510447,0.7194866563735299,1.7327053687803557,5.366493640936001,0.0
74,-42.57320010714434,-0.2654303312301636,-0.07536157965660095,-0.22150661051273346,-0.9926392436027527,-0.09535331279039383,0.05313028767704964,-0.05246136337518692,5.221506595611572,-0.146238312125206,0.1367344856262207,-9.141304016113281,0.32662925124168396,0.4343956410884857,-0.012072253040969372,-0.7231078147888184,0.7468209862709045,0.8461558818817139,1.3672294616699219,0.0,0.0,0.0,0.0,0.0,0.0,1.0,0.0,0.0,0.0,0.9672025442123413,0.0,4.778493404388428,flip,False,False,,0.0,0.9672025596842533,0.0,0.0,0.9761697974502559,0.2759214258689583,9.143496570884825,0.543628541644584,1.6078855914379024,5.221506611274148,0.0
75,-48.104912470874055,-0.26069802045822144,-0.07887491583824158,-0.0740891620516777,-0.9925923347473145,-0.09739228338003159,0.04987990856170654,-0.052794359624385834,5.074089050292969,-0.1463647186756134,0.1368389129638672,-9.291025161743164,0.24104735255241394,0.35562217235565186,-0.00988397654145956,-0.7026535868644714,0.766277551651001,1.4763017892837524,1.0328587293624878,0.0,0.0,0.0,0.0,0.0,0.0,1.0,0.0,0.0,0.0,0.9681081175804138,0.0,4.925910949707031,flip,False,False,,0.0,0.9681081441120613,0.0,0.0,0.9760534485461202,0.2723686898193645,9.293185554404946,0.42973090373477313,1.8017392364069913,5.074089161961225,0.0
76,-51.25745932535432,-0.25641438364982605,-0.08197543770074844,0.07574877142906189,-0.9925678372383118,-0.09881483763456345,0.04722791165113449,-0.05304955318570137,4.924251079559326,-0.14645467698574066,0.1369761824607849,-9.440611839294434,0.1442752331495285,0.291652113199234,-0.00857946090400219,-0.6708054542541504,0.7797015905380249,2.7211577892303467,0.6627306938171387,0.0,0.0,0.0,0.0,0.0,0.0,1.0,0.0,0.0,0.0,0.96885085105896,0.0,5.075748920440674,flip,False,False,,0.0,0.9688508301128962,0.0,0.0,0.9760101800728712,0.26919938574961194,9.442741657070494,0.3254994702671095,2.8006984536900745,4.924251229496231,0.0
77,-55.06913190287165,-0.2525174021720886,-0.08458667248487473,0.22803694009780884,-0.9925877451896667,-0.09951343387365341,0.04507936164736748,-0.05323951691389084,4.771963119506836,-0.14650379121303558,0.13702663779258728,-9.590091705322266,0.08055932819843292,0.23887859284877777,-0.005942827556282282,-0.6163784861564636,0.7883303761482239,3.661747455596924,0.4266509711742401,0.0,0.0,0.0,0.0,0.0,0.0,1.0,0.0,0.0,0.0,0.9694591164588928,0.0,5.228036880493164,flip,False,False,,0.0,0.9694591294658366,0.0,0.0,0.9761297980765306,0.2663079958459358,9.592189754815093,0.2521668240642774,3.68651946358979,4.771963060260153,0.0
78,-58.458519369783424,-0.24888008832931519,-0.08729486912488937,0.38266831636428833,-0.9925743341445923,-0.10033806413412094,0.04330645501613617,-0.05341373011469841,4.617331504821777,-0.1464802473783493,0.13668282330036163,-9.73952865600586,0.16429094970226288,0.19564852118492126,-0.00412498926743865,-0.5737559199333191,0.7936318516731262,1.2840063571929932,0.2512832581996918,0.0,0.0,0.0,0.0,0.0,0.0,1.0,0.0,0.0,0.0,0.9699573516845703,0.0,5.382668495178223,flip,False,False,,0.0,0.9699573443386532,0.0,0.0,0.9761137673542952,0.26374550134955227,9.74158933348039,0.2555129696945872,1.3083636728711694,4.617331688352602,0.0
79,-61.905186965999775,-0.24540168046951294,-0.09052135795354843,0.5395618677139282,-0.9924699664115906,-0.10190106183290482,0.04180263355374336,-0.05359206348657608,4.460438251495361,-0.14644114673137665,0.13640426099300385,-9.888833999633789,0.22476211190223694,0.160811647772789,-0.00427667424082756,-0.5751883387565613,0.7953329682350159,-0.9918050169944763,0.016911495476961136,0.0,0.0,0.0,0.0,0.0,0.0,1.0,0.0,0.0,0.0,0.9703668355941772,0.0,5.539561748504639,flip,False,False,,0.0,0.9703668478199156,0.0,0.0,0.97573749079721,0.2615647168754163,9.890859301469854,0.27639949017058596,0.9919491922284884,4.460438103246436,0.0
80,-65.1047075246497,-0.24209316074848175,-0.09375917911529541,0.6988211274147034,-0.9923526048660278,-0.10347400605678558,0.04053565114736557,-0.05372397229075432,4.301178932189941,-0.1464112251996994,0.13640256226062775,-10.0379638671875,0.18307264149188995,0.13450303673744202,-0.00788369681686163,-0.5921165943145752,0.7894758582115173,-1.0089192390441895,-0.5950063467025757,0.0,0.0,0.0,0.0,0.0,0.0,1.0,0.0,0.0,0.0,0.9707093834877014,0.0,5.698821067810059,flip,False,False,,0.0,0.9707093569995311,0.0,0.0,0.9752999895452887,0.2596148753371816,10.039958606658685,0.22730775134511294,1.1713029092209046,4.301178853946575,0.0
81,-68.14159572940791,-0.23897112905979156,-0.09660941362380981,0.8605310916900635,-0.992284893989563,-0.10448019206523895,0.039494581520557404,-0.05380241572856903,4.139468669891357,-0.14639221131801605,0.13656669855117798,-10.18694019317627,0.0797918289899826,0.11139354854822159,-0.006851329933851957,-0.5961115956306458,0.7761333584785461,0.6638467907905579,-0.9124115705490112,0.0,0.0,0.0,0.0,2.9802322387695312e-08,0.0,1.0,0.0,0.0,0.0,0.9709930419921875,0.0,5.860531330108643,flip,False,False,,0.0,0.9709930183390769,0.0,0.0,0.9750480494008483,0.25776069937338697,10.188907188289187,0.1371940189544258,1.1283560737311893,4.139468886730569,1.052139401435852e-06
82,-71.56261305303256,-0.23603986203670502,-0.09889275580644608,1.024732232093811,-0.9922960996627808,-0.10465696454048157,0.038672663271427155,-0.053849563002586365,3.9752678871154785,-0.14637857675552368,0.13684868812561035,-10.335772514343262,-0.06720225512981415,0.09135950356721878,-0.003413046943023801,-0.5687554478645325,0.7598527073860168,3.779808282852173,-0.9937899112701416,0.0,0.0,0.0,0.0,6.854534149169922e-07,0.0,1.0,0.0,0.0,0.0,0.9712256789207458,0.0,6.0247321128845215,flip,False,False,,0.0,0.9712256633974438,0.0,0.0,0.9751016179229305,0.2559191148651289,10.337714381616818,0.11346519454289215,3.9082692703355684,3.9752678246981907,2.4199206233024595e-05
83,-79.23523651472918,-0.23361524939537048,-0.097782202064991,1.1920007467269897,-0.9928069710731506,-0.09991161525249481,0.03826998919248581,-0.05373458191752434,3.8079993724823,-0.14663492143154144,0.1397344172000885,-10.483942985534668,-1.1777360439300537,0.07448446750640869,0.005138853099197149,-0.30776163935661316,0.7439095973968506,30.989063262939453,-0.9168400168418884,0.0,0.0,0.0,0.0,0.0001221001148223877,0.0,1.0,0.0,0.0,0.0,0.9714153409004211,0.0,6.192000865936279,flip,False,False,,0.0,0.9714153365409679,0.0,0.0,0.9771031056799522,0.25325371116347384,10.485899729205252,1.1801002754334267,31.002623883328987,3.8079992677854997,0.004310615127682686
84,-82.73333807149888,-0.231692373752594,-0.09335346519947052,1.362220048904419,-0.9937315583229065,-0.09038840979337692,0.038295675069093704,-0.05348847433924675,3.637779951095581,-0.14655353128910065,0.1394052505493164,-10.632722854614258,-1.0945188999176025,0.05020330473780632,0.006785113830119371,0.23802468180656433,0.7416241765022278,34.55604553222656,0.6729158759117126,0.0,0.0,0.0,0.0,1.4424324035644531e-05,0.0,1.0,0.0,0.0,0.0,0.9715431928634644,0.0,6.362220287322998,flip,False,False,,0.0,0.9715431782047494,0.0,0.0,0.9807266507922351,0.24979236967151228,10.634646287470487,1.0956906735528034,34.56259807388604,3.637779899326019,0.0005092354702949523
85,-63.16684694275676,-0.22947220504283905,-0.09234190732240677,1.5341159105300903,-0.9941493272781372,-0.08580382913351059,0.03819258511066437,-0.0533490851521492,3.465884208679199,-0.14608746767044067,0.13601815700531006,-10.781867980957031,0.11831841617822647,0.03955661877989769,-0.002230722224339843,0.6359870433807373,0.7575954794883728,10.342924118041992,1.09819757938385,0.0,0.0,0.0,0.0,5.662441253662109e-06,0.0,1.0,0.0,0.0,0.0,0.9716439247131348,0.0,6.534115791320801,flip,False,False,,0.0,0.9716439083061129,0.0,0.0,0.982358820881361,0.24735505199004668,10.783715427550291,0.12477559973738983,10.40106291221148,3.4658841294570184,0.0001999064862728119
86,-63.76014245794026,-0.22669047117233276,-0.09655770659446716,1.7074744701385498,-0.993900716304779,-0.0887494832277298,0.03773995488882065,-0.053484655916690826,3.29252552986145,-0.14587265253067017,0.1349419355392456,-10.930481910705566,0.47625669836997986,0.03428339213132858,0.001573893241584301,0.7001088261604309,0.7727211713790894,0.7419215440750122,0.7832833528518677,0.0,0.0,0.0,0.0,1.1593103408813477e-05,0.0,1.0,0.0,0.0,0.0,0.9717311859130859,0.0,6.707474231719971,flip,False,False,,0.0,0.9717312102460397,0.0,0.0,0.9813985533046661,0.24639797556505383,10.932287668060876,0.4774916503128382,1.0788792365173998,3.292525535178242,0.00040928222715854644
87,-64.88806234628855,-0.22389748692512512,-0.10112573951482773,1.8831276893615723,-0.9935929775238037,-0.09220708906650543,0.037302419543266296,-0.05365994572639465,3.1168723106384277,-0.14579297602176666,0.13510483503341675,-11.07875919342041,0.3741989731788635,0.029328037053346634,0.003517823526635766,0.7094177007675171,0.78318190574646,1.010966420173645,0.5284590721130371,0.0,0.0,0.0,0.0,4.07099723815918e-05,0.0,1.0,0.0,0.0,0.0,0.9718058705329895,0.0,6.883127689361572,flip,False,False,,0.0,0.9718058934798287,0.0,0.0,0.9802126921565342,0.2456755967675687,11.08054252696124,0.37536299972117204,1.1407550220043774,3.116872336969599,0.001437222422361374
88,-66.06498391138561,-0.22120411694049835,-0.1050894632935524,2.0612478256225586,-0.9933547377586365,-0.09479667246341705,0.036952126771211624,-0.05380034074187279,2.9387521743774414,-0.14569082856178284,0.1351991891860962,-11.22691535949707,0.29305264353752136,0.024289730936288834,0.002820246387273073,0.729732871055603,0.7912009358406067,1.311059594154358,0.44521400332450867,0.0,0.0,0.0,0.0,0.00010648369789123535,0.0,1.0,0.0,0.0,0.0,0.9718677401542664,0.0,7.061247825622559,flip,False,False,,0.0,0.9718677467709232,0.0,0.0,0.9792962471965835,0.24489805021918287,11.228674908994417,0.294071081897884,1.3845912336425907,2.93875216615844,0.003759294081330299
89,-67.20310471863431,-0.21857383847236633,-0.10874296724796295,2.241786241531372,-0.9931522011756897,-0.09694107621908188,0.036661528050899506,-0.05391693487763405,2.758213758468628,-0.14557282626628876,0.13518479466438293,-11.37497329711914,0.2519129812717438,0.02016572095453739,0.0024861935526132584,0.748299777507782,0.7977932095527649,0.9816728830337524,0.3599990904331207,0.0,0.0,0.0,0.0,0.00010946393013000488,0.0,1.0,0.0,0.0,0.0,0.9719191193580627,0.0,7.241786479949951,flip,False,False,,0.0,0.9719190983555382,0.0,0.0,0.9785167199431318,0.24413019618576334,11.376708039728536,0.25273104728045764,1.0456007827586602,2.7582136425830908,0.0038645080214738843
90,-68.32635475549337,-0.21598803997039795,-0.11219782382249832,2.4247241020202637,-0.9929723739624023,-0.09880094975233078,0.03641432896256447,-0.05402090772986412,2.5752758979797363,-0.1454695165157318,0.13516175746917725,-11.522931098937988,0.2189919650554657,0.017097895964980125,0.0026711367536336184,0.7611303329467773,0.8025866746902466,0.6360417604446411,0.24156315624713898,0.0,0.0,0.0,0.0,3.0040740966796875e-05,0.0,1.0,0.0,0.0,0.0,0.9719626307487488,0.0,7.424724102020264,flip,False,False,,0.0,0.9719626377918055,0.0,0.0,0.9778247386245199,0.2433910141302643,11.524641816040099,0.21967465538864456,0.6803689033928936,2.575275909021783,0.0010605565166473389
91,-69.45589621508759,-0.21344009041786194,-0.11547717452049255,2.6100573539733887,-0.9928137063980103,-0.10040943324565887,0.03620316460728645,-0.054113347083330154,2.3899426460266113,-0.14536935091018677,0.13513636589050293,-11.670775413513184,0.18816694617271423,0.014491564594209194,0.002488958416506648,0.7691881656646729,0.8056648373603821,0.38851720094680786,0.14932988584041595,0.0,0.0,0.0,0.0,1.0639429092407227e-05,0.0,1.0,0.0,0.0,0.0,0.9719995260238647,0.0,7.610057353973389,flip,False,False,,0.0,0.9719995402580535,0.0,0.0,0.9772145558987017,0.24267602000432317,11.672463336130603,0.1887405648071075,0.4162271310027032,2.389942717529048,0.00037561376631259916
92,-70.59473014295571,-0.21092665195465088,-0.11859191209077835,2.797783851623535,-0.9926761388778687,-0.10178211331367493,0.036023903638124466,-0.05419236049056053,2.202216148376465,-0.14526940882205963,0.13510632514953613,-11.818506240844727,0.15948133170604706,0.012219537049531937,0.002032168209552765,0.7740185260772705,0.8075346946716309,0.2288481891155243,0.08927162736654282,0.0,0.0,0.0,0.0,4.023313522338867e-06,0.0,1.0,0.0,0.0,0.0,0.9720306396484375,0.0,7.797783851623535,flip,False,False,,0.0,0.9720306570541255,0.0,0.0,0.976685361711302,0.2419795335399795,11.820170743918881,0.15996168986609186,0.24564388086001995,2.202216177443048,0.00014203881919384003
93,-71.74066496065902,-0.208444282412529,-0.12155674397945404,2.987900495529175,-0.9925585985183716,-0.10294011980295181,0.03587273880839348,-0.054257795214653015,2.012099504470825,-0.14516833424568176,0.13506841659545898,-11.966121673583984,0.13386133313179016,0.010260929353535175,0.001523394137620926,0.776750922203064,0.8086410760879517,0.12437547743320465,0.05231018364429474,0.0,0.0,0.0,0.0,1.7583370208740234e-06,0.0,1.0,0.0,0.0,0.0,0.9720568060874939,0.0,7.987900257110596,flip,False,False,,0.0,0.9720567862952677,0.0,0.0,0.9762329586806407,0.24129869058429543,11.967764050414422,0.13426267243731754,0.1349281856203542,2.012099612222988,6.207622468471527e-05
94,-72.89170310359647,-0.2059890329837799,-0.12439119815826416,3.1804022789001465,-0.9924590587615967,-0.10391160845756531,0.03574575483798981,-0.05431102588772774,1.8195977210998535,-0.14506568014621735,0.13502058386802673,-12.113622665405273,0.11202474683523178,0.008594315499067307,0.0010715575190261006,0.7779708504676819,0.8092911839485168,0.043105319142341614,0.03082035481929779,0.0,0.0,0.0,0.0,6.258487701416016e-07,0.0,1.0,0.0,0.0,0.0,0.9720786809921265,0.0,8.180401802062988,flip,False,False,,0.0,0.9720786715389452,0.0,0.0,0.9758492376151099,0.24063385644287014,12.115243690849121,0.11235904488671682,0.052990213098520894,1.8195977287975318,2.209492743015289e-05
95,-74.05189534175157,-0.20355656743049622,-0.12711714208126068,3.37528395652771,-0.9923746585845947,-0.10472816228866577,0.03563880920410156,-0.05435509979724884,1.62471604347229,-0.14496104419231415,0.13496223092079163,-12.26101016998291,0.09415127336978912,0.007256684359163046,0.0008611323428340256,0.7778308391571045,0.8095309734344482,-0.037048108875751495,0.00522643281146884,0.0,0.0,0.0,0.0,2.682209014892578e-07,0.0,1.0,0.0,0.0,0.0,0.9720971584320068,0.0,8.375284194946289,flip,False,False,,0.0,0.9720971505339332,0.0,0.0,0.9755237776584733,0.2399875900029272,12.262609844497442,0.09443443809829966,0.03741494460420393,1.624716049321174,9.469254612922668e-06
96,-75.22745773820061,-0.20114335417747498,-0.12975361943244934,3.572540283203125,-0.9923028945922852,-0.10541731119155884,0.035548582673072815,-0.054391298443078995,1.4274598360061646,-0.1448550522327423,0.1348956674337387,-12.408283233642578,0.07936413586139679,0.006094932556152344,0.0005734697915613651,0.776388943195343,0.8095101118087769,-0.11247938126325607,-0.004836533218622208,0.0,0.0,0.0,0.0,2.086162567138672e-07,0.0,1.0,0.0,0.0,0.0,0.9721126556396484,0.0,8.572540283203125,flip,False,False,,0.0,0.9721126711526934,0.0,0.0,0.9752469784240043,0.23936300790203344,12.409862221102403,0.07959989138923299,0.11258331532763996,1.427459806843144,7.364975810050963e-06
97,-76.39260753814119,-0.1987484097480774,-0.132302388548851,3.7721691131591797,-0.9922439455986023,-0.10598161816596985,0.03547373041510582,-0.054419077932834625,1.2278307676315308,-0.14474907517433167,0.13483156263828278,-12.555440902709961,0.06366953998804092,0.005059195216745138,0.00021044147433713078,0.7746639251708984,0.8095279335975647,-0.09642352163791656,0.0043394919484853745,0.0,0.0,0.0,0.0,3.5762786865234375e-07,0.0,1.0,0.0,0.0,0.0,0.9721255302429199,0.0,8.77216911315918,flip,False,False,,0.0,0.9721255542879689,0.0,0.0,0.9750190223015036,0.23875689190227947,12.556998796766313,0.06387057447688128,0.09652112051527931,1.227830787715798,1.2625672817230224e-05
98,-77.56160815215233,-0.19636964797973633,-0.13477246463298798,3.974167585372925,-0.9921965599060059,-0.10643411427736282,0.03541215881705284,-0.05444010719656944,1.0258324146270752,-0.14464165270328522,0.13475941121578217,-12.702483177185059,0.05101030692458153,0.004235776606947184,5.894602509215474e-05,0.773176372051239,0.8096586465835571,-0.0834759995341301,0.009639143012464046,0.0,0.0,0.0,0.0,2.980232238769531e-07,0.0,1.0,0.0,0.0,0.0,0.9721363186836243,0.0,8.974167823791504,flip,False,False,,0.0,0.972136340605101,0.0,0.0,0.974835516203943,0.23816938461591539,12.704021811090508,0.05118590180439689,0.08403068293595164,1.02583238850144,1.052139401435852e-05
99,-78.72372019285002,-0.19400545954704285,-0.13716813921928406,4.17853307723999,-0.9921602010726929,-0.10678098350763321,0.035362131893634796,-0.054456066340208054,0.8214671015739441,-0.1445339471101761,0.13468804955482483,-12.849411010742188,0.038093920797109604,0.0035851621069014072,2.049988688668236e-05,0.7726222276687622,0.8098366856575012,-0.004487795755267143,0.011048432439565659,0.0,0.0,0.0,0.0,2.384185791015625e-07,0.0,1.0,0.0,0.0,0.0,0.9721454977989197,0.0,9.178532600402832,flip,False,False,,0.0,0.9721454701456672,0.0,0.0,0.974694681842685,0.23759886291259794,12.850929611724093,0.038262262284969636,0.01192510681297557,0.8214670830327049,8.417115211486816e-06
100,-79.90510813967204,-0.19165289402008057,-0.13950863480567932,4.38525915145874,-0.9921320080757141,-0.10705012083053589,0.03532113507390022,-0.054468102753162384,0.6147406697273254,-0.1444244086742401,0.13460268080234528,-12.99622631072998,0.03043215721845627,0.0030302871018648148,-5.9140671510249376e-05,0.7726256847381592,0.8100996613502502,0.002827379386872053,0.018103929236531258,0.0,0.0,0.0,0.0,1.4901161193847656e-07,0.0,1.0,0.0,0.0,0.0,0.9721531867980957,0.0,9.385259628295898,flip,False,False,,0.0,0.9721531867081226,0.0,0.0,0.9745853774391218,0.23705166146076345,12.997725320999656,0.030582712473655755,0.01832338179482172,0.6147406418516177,5.26069700717926e-06
101,-81.09049555347609,-0.18930938839912415,-0.14180955290794373,4.59434175491333,-0.9921095967292786,-0.10726415365934372,0.03528701514005661,-0.05447758734226227,0.40565812587738037,-0.14431415498256683,0.1345137059688568,-13.142926216125488,0.024156803265213966,0.002603923436254263,-4.6114015276543796e-05,0.7727617621421814,0.8104268908500671,0.010987108573317528,0.02009255439043045,0.0,0.0,0.0,0.0,1.4901161193847656e-07,0.0,1.0,0.0,0.0,0.0,0.9721598029136658,0.0,9.594342231750488,flip,False,False,,0.0,0.972159817544942,0.0,0.0,0.9744984568122566,0.23653327701743185,13.144406920461321,0.024296784134212178,0.022900377878707086,0.40565813122344857,5.26069700717926e-06
102,-82.28046539676606,-0.1869734823703766,-0.14407756924629211,4.805777072906494,-0.9920918941497803,-0.1074327826499939,0.03525836020708084,-0.05448552966117859,0.19422274827957153,-0.1442033350467682,0.13442182540893555,-13.289512634277344,0.01898365654051304,0.0022806425113230944,1.2913455975649413e-05,0.7730522155761719,0.8107349872589111,0.020686322823166847,0.017225351184606552,0.0,0.0,0.0,0.0,2.980232238769531e-07,0.0,1.0,0.0,0.0,0.0,0.9721656441688538,0.0,9.805777549743652,flip,False,False,,0.0,0.9721656251535085,0.0,0.0,0.9744300908109177,0.23604540100915417,13.290974325602967,0.019120165206605765,0.0269190766973001,0.19422274340202866,1.052139401435852e-05
103,-988.6353190931525,-0.1839960664510727,-0.14926563203334808,4.976838111877441,-0.994961678981781,-0.0760701596736908,0.03102817013859749,-0.05746127665042877,0.023161862045526505,0.9692732095718384,3.426863193511963,-6.12974214553833,-7.998837947845459,3.9542834758758545,0.47554853558540344,0.7737085223197937,0.8110020756721497,0.047565702348947525,0.014048652723431587,0.0,1.0,0.0,1.0,6.258487701416016e-07,0.0,0.0,0.0,0.0,1.0,0.9822351336479187,0.0,4.976838111877441,done,False,True,global_height_limit,0.0,0.9822351253948389,0.0,0.0,0.9864972423698903,0.23692779788574667,7.089190588421253,8.935542142214839,0.04959698264924676,0.023161861192877442,2.209492743015289e-05
1,358.35198814583794,0.0006417398108169436,0.0027087596245110035,-3.944924831390381,0.9999924898147583,-0.003787606954574585,0.0008414298645220697,0.00014874115004204214,8.944925308227539,-0.013568255119025707,-0.009972690604627132,0.08842279762029648,-1.136197566986084,0.29790201783180237,0.08477180451154709,0.16792820394039154,-0.17532198131084442,24.49648666381836,-25.280515670776367,0.0,0.0,0.0,0.0,1.0,0.0,1.0,0.0,0.0,0.0,0.0,0.0,1.0550751686096191,flip,False,False,,350.0,0.0,0.0,0.0,0.9999700135986337,0.00278373996136505,0.09001190333953324,1.1776573436796518,35.202022967816404,8.944924836820393,35.30394
2,17.11706826085773,0.005900738760828972,0.010216563008725643,-3.947753667831421,0.9998888373374939,-0.013181215152144432,0.00680582644417882,0.0014929765602573752,8.94775390625,-0.14285916090011597,-0.10567452013492584,0.2313474416732788,-0.9993380308151245,1.2868672609329224,0.08285021781921387,0.47844213247299194,-0.6591929197311401,6.888800144195557,-17.55755615234375,0.0,0.0,0.0,0.0,0.9999878406524658,0.0,1.0,0.0,0.0,0.0,0.003276980482041836,0.0,1.0522464513778687,flip,False,False,,0.0,0.003276980553194491,0.0,0.0,0.9995594772362214,0.01179817269290719,0.2917147361625797,1.6314312745641555,18.860630369022825,8.947753598529731,35.30351072712421
3,44.77562399132899,0.02163791097700596,0.016819549724459648,-3.952605962753296,0.9995507001876831,-0.018799610435962677,0.023320026695728302,0.001064466079697013,8.952606201171875,-0.3644416332244873,-0.21290627121925354,0.31360501050949097,-0.3663046360015869,2.873588800430298,-0.1142742708325386,0.320569783449173,-0.7953381538391113,-26.403017044067383,-3.389925718307495,0.0,0.0,0.0,0.0,0.999793529510498,0.0,1.0,0.0,0.0,0.0,0.010594514198601246,0.0,1.047394037246704,flip,False,False,,0.0,0.010594514364802724,0.0,0.0,0.9982048849819756,0.027406140063329015,0.5258278204008233,2.899094743003497,26.619746953346326,8.95260594160321,35.29665077822685
4,62.752949390864714,0.04993060976266861,0.024733973667025566,-3.960110664367676,0.9983170628547668,-0.024838034063577652,0.05239848792552948,-0.0007024174556136131,8.960110664367676,-0.5938137173652649,-0.23440459370613098,0.40836986899375916,-1.3099565505981445,4.373832702636719,-0.19801227748394012,-0.025114821270108223,-0.8215646743774414,-9.15431022644043,-0.5308459997177124,0.0,0.0,0.0,0.0,0.9997953176498413,0.0,1.0,0.0,0.0,0.0,0.02173238806426525,0.0,1.0398893356323242,flip,False,False,,0.0,0.021732387340872905,0.0,0.0,0.9932756487243021,0.05572104689571396,0.7578431021209439,4.570077191772094,9.169689099092999,8.960110689561963,35.29671390659094
5,76.05405059669542,0.08940659463405609,0.03338265046477318,-3.971907615661621,0.9951880574226379,-0.03238219767808914,0.0924314484000206,-0.0029326952062547207,8.971907615661621,-0.8093893527984619,-0.1997872292995453,0.5147473812103271,-0.22051109373569489,5.634182453155518,-0.22657984495162964,-0.23837117850780487,-0.8234986662864685,-24.717506408691406,0.11743836849927902,0.0,0.0,0.0,0.0,1.0,0.0,1.0,0.0,0.0,0.0,0.03607971593737602,0.0,1.028092384338379,flip,False,False,,0.0,0.03607971514745781,0.0,0.0,0.9808146995204042,0.09543553112207588,0.979791274324352,5.643046650491053,24.717784593569363,8.97190759356013,35.30394
6,89.75636798226314,0.13799850642681122,0.035876043140888214,-3.9891340732574463,0.9893791675567627,-0.03336626663804054,0.14131687581539154,-0.006711914669722319,8.989133834838867,-1.0050305128097534,-0.09087415784597397,0.6162427067756653,-0.22659578919410706,6.662583827972412,-0.29888245463371277,-0.5421555638313293,-0.8206712603569031,-6.223167419433594,0.19538161158561707,0.0,0.0,0.0,0.0,1.0,0.0,1.0,0.0,0.0,0.0,0.0530458465218544,0.0,1.0108659267425537,flip,False,False,,0.0,0.05304584576632682,0.0,0.0,0.957833404312957,0.14258568414587147,1.1824126345121246,6.673132755935867,6.226233757483791,8.989134070321299,35.30394
7,96.24478950846327,0.19345420598983765,0.037341147661209106,-4.0133843421936035,0.9796457886695862,-0.03630097955465317,0.19718985259532928,-0.009618927724659443,9.013384819030762,-1.174141526222229,0.046140119433403015,0.7239385843276978,-0.5984896421432495,7.498970985412598,-0.02086729370057583,-0.3776147663593292,-0.8178478479385376,26.70840835571289,0.1513945460319519,0.0,0.0,0.0,0.0,1.0,0.0,1.0,0.0,0.0,0.0,0.07214181870222092,0.0,0.9866154789924622,flip,False,False,,0.0,0.07214181876699202,0.0,0.0,0.9195980275296793,0.19702510450436378,1.3801537296895927,7.522844693806491,26.708837377271294,9.013384501621898,35.30394
8,105.1590776885166,0.25321489572525024,0.03472627326846123,-4.045889377593994,0.9653330445289612,-0.035930927842855453,0.2583163380622864,-0.010663461871445179,9.045889854431152,-1.2987831830978394,0.11364033818244934,0.8767620325088501,0.6330205798149109,8.173210144042969,0.2529209852218628,-0.02747325226664543,-0.8158533573150635,9.415666580200195,0.09976179897785187,0.0,0.0,0.0,0.0,0.9999996423721313,0.0,1.0,0.0,0.0,0.0,0.09295472502708435,0.0,0.9541105031967163,flip,False,False,,0.0,0.09295472762336514,0.0,0.0,0.8639622127152818,0.25558499899209836,1.5711344992994358,8.20158819648961,9.416195520813046,9.045889524507338,35.30392737432718
9,110.10668107924151,0.3145454525947571,0.028561238199472427,-4.087795734405518,0.9457951188087463,-0.031562983989715576,0.3230147659778595,-0.011697134003043175,9.08779525756836,-1.3788291215896606,0.1291908621788025,1.0516676902770996,-0.22090889513492584,8.71792984008789,0.3367505967617035,0.18979798257350922,-0.8145790100097656,24.95888900756836,0.06203177943825722,0.0,0.0,0.0,0.0,1.0,0.0,1.0,0.0,0.0,0.0,0.11515475809574127,0.0,0.9122044444084167,flip,False,False,,0.0,0.11515475475435828,0.0,0.0,0.7893314868432223,0.3158394965271072,1.738926355407205,8.727228073741683,24.958966717896114,9.087795580836856,35.30394
10,115.56945529487798,0.37482166290283203,0.02861281856894493,-4.140077590942383,0.9201326966285706,-0.034500569105148315,0.38999414443969727,-0.008372446522116661,9.140077590942383,-1.426293969154358,0.0584474615752697,1.2244433164596558,-0.5245856642723083,9.156861305236816,0.6020955443382263,0.6632341146469116,-0.8137927055358887,16.985334396362305,0.03809893876314163,0.0,0.0,0.0,0.0,1.0,0.0,1.0,0.0,0.0,0.0,0.1384725123643875,0.0,0.8599222898483276,flip,False,False,,0.0,0.13847251100980856,0.0,0.0,0.6934281479963279,0.3759121913932114,1.8806892420676704,9.191616891396052,16.985376963192646,9.140077682650292,35.30394
11,121.26103197725871,0.43175995349884033,0.03063606470823288,-4.201889514923096,0.8882500529289246,-0.03747375309467316,0.4578053653240204,-0.004675239324569702,9.201889038085938,-1.4537630081176758,-0.0784403383731842,1.3794670104980469,-1.125307559967041,9.52015495300293,0.43549713492393494,0.7903949022293091,-0.813317060470581,2.7800562381744385,0.022538311779499054,0.0,0.0,0.0,0.0,1.0,0.0,1.0,0.0,0.0,0.0,0.1627153903245926,0.0,0.7981105446815491,flip,False,False,,0.0,0.16271538643222036,0.0,0.0,0.5780198403353012,0.4328454997073703,2.0056193326330356,9.596318276143732,2.780147541468249,9.201889433812381,35.30394
12,123.01027629808387,0.4829532504081726,0.03974611684679985,-4.272824287414551,0.8496469259262085,-0.04724027216434479,0.5252311825752258,0.0008311684359796345,9.27282428741455,-1.440633773803711,-0.22313548624515533,1.5312803983688354,-2.104067325592041,9.819376945495605,0.23782214522361755,0.7963534593582153,-0.8130390048027039,-1.6100983619689941,0.013037457130849361,0.0,0.0,0.0,0.0,1.0,0.0,1.0,0.0,0.0,0.0,0.18772022426128387,0.0,0.7271758317947388,flip,False,False,,0.0,0.1877202243596711,0.0,0.0,0.443801115470972,0.4845860102962358,2.114245608850208,10.045089412603335,1.6101511484264754,9.272824179282189,35.30394
13,123.97173612847287,0.525722861289978,0.05591946095228195,-4.351985454559326,0.8040660619735718,-0.06395260244607925,0.591020941734314,0.009057917632162571,9.351985931396484,-1.3739666938781738,-0.35817092657089233,1.6804176568984985,-3.036491870880127,10.061726570129395,0.09093961864709854,0.7596637010574341,-0.8128789663314819,-2.488687753677368,0.00748824467882514,0.0,0.0,0.0,0.0,1.0,0.0,1.0,0.0,0.0,0.0,0.21334220468997955,0.0,0.6480144262313843,flip,False,False,,0.0,0.213342201673692,0.0,0.0,0.2932085520571588,0.5286884671028268,2.1999714102390557,10.5103235896178,2.4886989930730827,9.35198557453804,35.30394
14,124.88809931396669,0.5573970079421997,0.07766703516244888,-4.437957286834717,0.751374363899231,-0.08613164722919464,0.6539163589477539,0.020280366763472557,9.437957763671875,-1.2489798069000244,-0.474950909614563,1.8188096284866333,-3.7430872917175293,10.256246566772461,0.0009254314354620874,0.7137171030044556,-0.8127868175506592,-3.4572949409484863,0.004311820957809687,0.0,0.0,0.0,0.0,1.0,0.0,1.0,0.0,0.0,0.0,0.23945951461791992,0.0,0.5620425343513489,flip,False,False,,0.0,0.23945951940729812,0.0,0.0,0.1299494753127834,0.5627820050553233,2.2568999894489434,10.917934789548735,3.4572976519174627,9.43795747948414,35.30394
15,125.90546652506312,0.5756799578666687,0.10276225954294205,-4.528692722320557,0.6916453838348389,-0.11178984493017197,0.712723433971405,0.03398454561829567,9.528693199157715,-1.0658208131790161,-0.5660921931266785,1.9351259469985962,-4.295782089233398,10.411711692810059,-0.05906142294406891,0.6567453742027283,-0.8127337694168091,-3.3288254737854004,0.002519848756492138,0.0,0.0,0.0,0.0,1.0,0.0,1.0,0.0,0.0,0.0,0.26597273349761963,0.0,0.47130706906318665,flip,False,False,,0.0,0.2659727261236782,0.0,0.0,-0.040943395070651735,0.5847798987758684,2.2806022695219186,11.263257886204803,3.3288264456949395,9.528692931537517,35.30394
16,127.14221089614392,0.5787661671638489,0.12940777838230133,-4.621645450592041,0.6250753998756409,-0.13960422575473785,0.766350507736206,0.04998290538787842,9.6216459274292,-0.8300795555114746,-0.6274775862693787,2.017437219619751,-4.759490013122559,10.536523818969727,-0.0678933709859848,0.6209373474121094,-0.8127008080482483,-1.0462052822113037,0.0017040130915120244,0.0,0.0,0.0,0.0,1.0,0.0,1.0,0.0,0.0,0.0,0.2928037643432617,0.0,0.3783543109893799,flip,False,False,,0.0,0.2928037640096049,0.0,0.0,-0.21356483394520534,0.5930570457946027,2.269980886074448,11.561820485380686,1.0462067211150843,9.621645680967667,35.30394
17,128.34410639436274,0.5656909346580505,0.1555090695619583,-4.713817596435547,0.5521033406257629,-0.16798070073127747,0.8138774037361145,0.06758641451597214,9.713817596435547,-0.5520548820495605,-0.6621919274330139,2.0561892986297607,-4.980207443237305,10.638358116149902,-0.05598849430680275,0.6035805940628052,-0.8126775026321411,-1.623156189918518,0.0012346584117040038,0.0,0.0,0.0,0.0,1.0,0.0,1.0,0.0,0.0,0.0,0.31989413499832153,0.0,0.2861822247505188,flip,False,False,,0.0,0.31989412017824087,0.0,0.0,-0.3812279921406206,0.5866764838858346,2.229613783398745,11.746500006466107,1.6231566293330932,9.713817785745581,35.30394
18,129.2164735970066,0.5366424322128296,0.17859071493148804,-4.801986217498779,0.47356554865837097,-0.19541487097740173,0.8545869588851929,0.08502848446369171,9.801986694335938,-0.24140708148479462,-0.6682595610618591,2.042560338973999,-4.778422832489014,10.720701217651367,-0.10081470757722855,0.5442600250244141,-0.8126609325408936,-10.05354118347168,0.0008129715570248663,0.0,0.0,0.0,0.0,0.9999997615814209,0.0,1.0,0.0,0.0,0.0,0.3471941649913788,0.0,0.19801375269889832,flip,False,False,,0.0,0.34719416161051747,0.0,0.0,-0.537012110541404,0.5655791106676237,2.162614314168229,11.73784140025275,10.053541652718048,9.801986241506143,35.303931582884786
19,126.01717129834354,0.4946601092815399,0.19286543130874634,-4.882984161376953,0.39191070199012756,-0.21962672472000122,0.8883140087127686,0.09522787481546402,9.882984161376953,0.08768441528081894,-0.6145574450492859,1.9596236944198608,-3.446897029876709,10.758161544799805,-0.5162168741226196,0.14663808047771454,-0.8015944957733154,-40.24409866333008,1.6799726486206055,0.0,0.0,0.0,0.0,0.9999950528144836,0.0,1.0,0.0,0.0,0.0,0.37458959221839905,0.0,0.11701574176549911,flip,False,False,,0.0,0.3745895952006652,0.0,0.0,-0.6746753704924245,0.5309290992441278,2.0556007455391785,11.308652419786133,40.27914826647852,9.882984258749119,35.30376534485936
20,125.67652665911824,0.4442993998527527,0.19302941858768463,-4.954347133636475,0.31014207005500793,-0.2413930594921112,0.9149262309074402,0.09193070977926254,9.954347610473633,0.358620285987854,-0.4145381450653076,1.8060578107833862,-2.5717101097106934,10.733553886413574,-1.1743578910827637,-0.6772342324256897,-0.7786116600036621,-40.28268051147461,0.5372574925422668,0.0,0.0,0.0,0.0,0.9998342990875244,0.0,1.0,0.0,0.0,0.0,0.4019223749637604,0.0,0.0456528402864933,flip,False,False,,0.0,0.40192236617924865,0.0,0.0,-0.7907214530874855,0.48441955943313714,1.8874044055581938,11.099639280750402,40.28626357149338,9.954347160350927,35.298090104928015
21,111.81746335815353,0.3883190155029297,0.1911209225654602,-5.012156009674072,0.23145754635334015,-0.2635621726512909,0.9318339228630066,0.09299425035715103,10.012155532836914,0.3896203339099884,-0.35073596239089966,1.655322790145874,-3.3326122760772705,9.097817420959473,-0.9106356501579285,-0.9665818214416504,-0.7774375677108765,-4.299544334411621,-0.18709644675254822,0.0,0.0,0.0,0.0,0.19997841119766235,0.0,1.0,0.0,0.0,0.0,0.4250897765159607,0.0,-0.012155983597040176,flip,False,False,,0.0,0.42508976695468736,0.0,0.0,-0.8755591711330337,0.4328034984278357,1.736350536107751,9.731692353122153,4.3036130095449305,10.012155983988478,7.060025830217599
22,109.3402426412842,0.3339926302433014,0.18372704088687897,-5.057438850402832,0.15944169461727142,-0.27951326966285706,0.9422804117202759,0.09251140058040619,10.057438850402832,0.4720841944217682,-0.13747353851795197,1.494935154914856,-1.9396696090698242,8.716363906860352,-0.4589311182498932,-0.9609298706054688,-0.7703014016151428,2.9248485565185547,1.4220958948135376,0.0,0.0,0.0,0.0,0.6692042946815491,0.0,1.0,0.0,0.0,0.0,0.44728580117225647,0.0,-0.05743895098567009,flip,False,False,,0.0,0.4472858063794065,0.0,0.0,-0.9320400980663239,0.38119116127512537,1.5737196648850684,8.941361336793626,3.2522447732665727,10.057438950839671,23.625548267179727
23,108.78756671340895,0.2827191948890686,0.16440726816654205,-5.093277454376221,0.09193211048841476,-0.28923436999320984,0.9493401646614075,0.08151807636022568,10.093277931213379,0.549841046333313,0.088551826775074,1.303344488143921,-0.4490030109882355,8.480982780456543,-0.2131028175354004,-0.9071412086486816,-0.7501677870750427,3.3327250480651855,0.6796987056732178,0.0,0.0,0.0,0.0,0.7072591781616211,0.0,1.0,0.0,0.0,0.0,0.4688824415206909,0.0,-0.09327765554189682,flip,False,False,,0.0,0.46888245102044507,0.0,0.0,-0.9698065973573904,0.3270472463517393,1.4173473334184417,8.495533003065955,3.401330018850598,10.093277653029347,24.96903559026718
24,96.52931615186611,0.23636728525161743,0.139243021607399,-5.119770526885986,0.031687039881944656,-0.29498565196990967,0.952766478061676,0.06492668390274048,10.119771003723145,0.5701538920402527,0.14828726649284363,1.1301178932189941,-0.04288114979863167,7.261305809020996,-0.06197446957230568,-0.8589906692504883,-0.7336682081222534,2.583556652069092,1.8029298782348633,0.0,0.0,0.0,0.0,0.1866506040096283,0.0,1.0,0.0,0.0,0.0,0.4873732030391693,0.0,-0.11977057158946991,flip,False,False,,0.0,0.48737321485321505,0.0,0.0,-0.9895609268624618,0.274332125237622,1.2744532126424786,7.261697055102915,3.1504478672208087,10.11977057035407,6.589501724919677
25,91.36354276005432,0.19518296420574188,0.11162108927965164,-5.13801383972168,-0.021038943901658058,-0.2983977198600769,0.9531156420707703,0.04568062722682953,10.13801383972168,0.6072417497634888,0.29075247049331665,0.9084272384643555,0.6774982213973999,6.79678201675415,-0.020924581214785576,-0.8148391246795654,-0.7100635170936584,3.2383487224578857,0.5135015249252319,0.0,0.0,0.0,0.0,0.4680444300174713,0.0,1.0,0.0,0.0,0.0,0.5046810507774353,0.0,-0.1380140483379364,flip,False,False,,0.0,0.5046810779964492,0.0,0.0,-0.9949413466031918,0.22484585798640355,1.130716408123856,6.830496814832673,3.27880874802675,10.13801404584984,16.523812474671004
26,83.98631212765639,0.15804526209831238,0.08123315870761871,-5.148935317993164,-0.06825605034828186,-0.30058637261390686,0.9510119557380676,0.02377505414187908,10.148935317993164,0.6286390423774719,0.3855377733707428,0.6938926577568054,0.9919944405555725,6.150785446166992,0.0108661949634552,-0.7518190145492554,-0.720150887966156,4.61501932144165,-1.3124722242355347,0.0,0.0,0.0,0.0,0.3268463611602783,0.0,1.0,0.0,0.0,0.0,0.5203438997268677,0.0,-0.14893528819084167,flip,False,False,,0.0,0.5203439249160301,0.0,0.0,-0.9895517857237274,0.17769955820134892,1.0125776249435923,6.2302756382294,4.798019221314041,10.148935285144958,11.538964323620796
27,78.94603709937032,0.1243506446480751,0.04908087104558945,-5.153043270111084,-0.11086052656173706,-0.301788330078125,0.9469074010848999,0.0002945943269878626,10.153042793273926,0.6538178324699402,0.5012453198432922,0.4442506432533264,1.3290307521820068,5.838379383087158,0.057159870862960815,-0.667618453502655,-0.7453337907791138,6.608566761016846,-1.5957344770431519,0.0,0.0,0.0,0.0,0.4366551637649536,0.0,1.0,0.0,0.0,0.0,0.5352112650871277,0.0,-0.15304319560527802,flip,False,False,,0.0,0.5352112357790996,0.0,0.0,-0.9754199853980414,0.1336862549927924,0.9359931718337977,5.988009955004499,6.798494205445829,10.153043193368147,15.415647702248096
28,77.28878332286915,0.09083130955696106,0.015615539625287056,-5.1493754386901855,-0.15297219157218933,-0.3014566898345947,0.9408602118492126,-0.02248239330947399,10.149375915527344,0.6899928450584412,0.6493651866912842,0.1224440187215805,0.7273775339126587,6.020299434661865,0.2326148897409439,-0.371719628572464,-0.7680190801620483,32.8634033203125,-1.2034626007080078,0.0,0.0,0.0,0.0,0.6520902514457703,0.0,1.0,0.0,0.0,0.0,0.5505418181419373,0.0,-0.1493755429983139,flip,False,False,,0.0,0.5505418018999848,0.0,0.0,-0.9521888922141464,0.09216383226518514,0.9553835900561329,6.068541069526198,32.88543329947678,10.149375537570116,23.021355111626384
29,80.76750910221796,0.05202361196279526,-0.016961829736828804,-5.134915828704834,-0.20072810351848602,-0.29683157801628113,0.9327335953712463,-0.04009029641747475,10.134915351867676,0.7856705784797668,0.7594102621078491,-0.3379579782485962,-0.5215998888015747,6.857618808746338,0.668860137462616,0.4048483669757843,-0.7843679785728455,63.7263069152832,-0.8370506763458252,0.0,0.0,0.0,0.0,0.9927905797958374,0.0,1.0,0.0,0.0,0.0,0.5680046081542969,0.0,-0.1349157691001892,flip,False,False,,0.0,0.568004585127569,0.0,0.0,-0.9162027551671821,0.05471891743506127,1.1437647570461627,6.9098753832643425,63.731805926626656,10.134915772221934,35.049419061677455
30,92.4743611148425,0.009349798783659935,-0.05186765640974045,-5.107545375823975,-0.2532063126564026,-0.28906869888305664,0.9211984872817993,-0.06098512187600136,10.107545852661133,0.9811505079269409,0.7170965671539307,-0.772728443145752,0.5890053510665894,7.576638698577881,0.687705934047699,0.8983498215675354,-0.7953207492828369,8.024624824523926,-0.5440388321876526,0.0,0.0,0.0,0.0,0.9987979531288147,0.0,1.0,0.0,0.0,0.0,0.5872983336448669,0.0,-0.10754558444023132,flip,False,False,,0.0,0.5872983376309775,0.0,0.0,-0.8643345065431182,0.05270363049581633,1.4401364697881043,7.630551988035552,8.043045981668975,10.107545582196858,35.26150300938249
31,97.7068976059769,-0.03802524507045746,-0.08487313985824585,-5.066983699798584,-0.31029799580574036,-0.280987024307251,0.9045348167419434,-0.08110609650611877,10.066983222961426,1.1855934858322144,0.6386603713035583,-1.1910585165023804,-0.4527452886104584,8.199274063110352,0.34512361884117126,0.8811569213867188,-0.8022417426109314,-6.683063983917236,-0.3354143500328064,0.0,0.0,0.0,0.0,0.9989347457885742,0.0,1.0,0.0,0.0,0.0,0.6081776022911072,0.0,-0.06698351353406906,flip,False,False,,0.0,0.6081776181724439,0.0,0.0,-0.794273845547732,0.09300198630163763,1.7978151377485432,8.219013783122112,6.691475732951299,10.066983513031245,35.26633232923508
32,100.39855572884075,-0.09143135696649551,-0.10985145717859268,-5.012510776519775,-0.3732261061668396,-0.27044937014579773,0.88264000415802,-0.09222807735204697,10.012510299682617,1.3456281423568726,0.5480197668075562,-1.6341726779937744,-1.8156672716140747,8.722742080688477,0.08471105992794037,0.7645974159240723,-0.806455135345459,-6.423830032348633,-0.2017572820186615,0.0,0.0,0.0,0.0,0.9995771646499634,0.0,1.0,0.0,0.0,0.0,0.630389928817749,0.0,-0.012510553002357483,flip,False,False,,0.0,0.6303898995743076,0.0,0.0,-0.7043925499824251,0.14292318402212686,2.1866780831151194,8.91011001462316,6.426997654567076,10.012510552835938,35.289012246172426
33,102.806125068714,-0.1480553150177002,-0.1256587654352188,-4.943511009216309,-0.4404914379119873,-0.2556770443916321,0.8553848266601562,-0.09441041201353073,9.943511009216309,1.4478931427001953,0.44618192315101624,-2.09936261177063,-2.9487650394439697,9.154349327087402,-0.015923958271741867,0.6943553686141968,-0.8089722990989685,-2.290048599243164,-0.11972130835056305,0.0,0.0,0.0,0.0,0.9999932050704956,0.0,1.0,0.0,0.0,0.0,0.6537012457847595,0.0,0.05648912116885185,flip,False,False,,0.0,0.6537012593714092,0.0,0.0,-0.5941079866436827,0.19419192373241453,2.5889760018333217,9.617566517665876,2.293175895900707,9.943510877864535,35.30370011221647
34,104.46814726275753,-0.20375359058380127,-0.1328209489583969,-4.859936237335205,-0.509761393070221,-0.23622453212738037,0.8223025798797607,-0.09033160656690598,9.859936714172363,1.4949883222579956,0.32965242862701416,-2.572843551635742,-3.654510259628296,9.50849437713623,-0.03416645526885986,0.6678352355957031,-0.8104530572891235,-1.773830533027649,-0.06987100839614868,0.0,0.0,0.0,0.0,0.9999507665634155,0.0,1.0,0.0,0.0,0.0,0.6779144406318665,0.0,0.1400635987520218,flip,False,False,,0.0,0.6779144416623578,0.0,0.0,-0.4639670366180038,0.24322197042716107,2.9938579245869974,10.186661846005254,1.7752061156951067,9.85993639989354,35.302201865708824
35,105.30921402134568,-0.2544403076171875,-0.13216914236545563,-4.762631893157959,-0.5787721872329712,-0.21291834115982056,0.7828710079193115,-0.08247114717960358,9.7626314163208,1.484336018562317,0.1992747038602829,-3.0425450801849365,-4.0987324714660645,9.774272918701172,-0.07684904336929321,0.6271197199821472,-0.80026775598526,-3.373978853225708,1.6381181478500366,0.0,0.0,0.0,0.0,0.9955674409866333,0.0,1.0,0.0,0.0,0.0,0.702804446220398,0.0,0.23736828565597534,flip,False,False,,0.0,0.7028044235305823,0.0,0.0,-0.3164423330814206,0.2867203494493438,3.391171467209049,10.599147413225456,3.7506218557576516,9.762631717613413,35.14745320254564
36,102.01265792574081,-0.29612448811531067,-0.12555284798145294,-4.654096603393555,-0.6447957754135132,-0.18822091817855835,0.7371708154678345,-0.07341983914375305,9.654096603393555,1.408855676651001,0.06546107679605484,-3.475978374481201,-3.5714831352233887,9.795621871948242,-0.22829453647136688,0.4641677141189575,-0.7557064890861511,-22.39069175720215,3.852562427520752,0.0,0.0,0.0,0.0,0.9275369644165039,0.0,1.0,0.0,0.0,0.0,0.7277487516403198,0.0,0.3459034860134125,flip,False,False,,0.0,0.7277487704153824,0.0,0.0,-0.1576938059809624,0.32164147389233183,3.7512111661769865,10.42889364987226,22.719711800883843,9.654096521435095,32.74570933954239
37,90.17116204294022,-0.32466939091682434,-0.11959899216890335,-4.5397515296936035,-0.7036995887756348,-0.17001426219940186,0.6864487528800964,-0.06848423182964325,9.539751052856445,1.2638461589813232,-0.012725322507321835,-3.821922540664673,-2.022804021835327,9.364130973815918,-0.6986420750617981,-0.14559690654277802,-0.7021002173423767,-53.559505462646484,2.1384904384613037,0.0,0.0,0.0,0.0,0.7409689426422119,0.0,1.0,0.0,0.0,0.0,0.7515943646430969,0.0,0.46024850010871887,flip,False,False,,0.0,0.7515943351977986,0.0,0.0,-0.00023134619365207908,0.3459973068438881,4.025489010806677,9.60556056801862,53.60218025798881,9.539751501217497,26.15912309290409
38,91.351466739722,-0.3404161036014557,-0.11459187418222427,-4.422301769256592,-0.7559163570404053,-0.15739475190639496,0.6322252154350281,-0.06409896165132523,9.42230224609375,1.0226402282714844,0.04576463997364044,-4.138056755065918,-2.4565117359161377,9.184847831726074,-0.9564892053604126,-0.7754659652709961,-0.6948366165161133,-15.16895580291748,-1.1766875982284546,0.0,0.0,0.0,0.0,0.8702633380889893,0.0,1.0,0.0,0.0,0.0,0.7749833464622498,0.0,0.5776981115341187,flip,False,False,,0.0,0.7749833577077386,0.0,0.0,0.1510350508800416,0.3591857863036724,4.262792805756065,9.555665736060964,15.214526171222444,9.422301897434538,30.72372467209339
39,74.63328118175605,-0.34869688749313354,-0.10493884980678558,-4.30661678314209,-0.8000936508178711,-0.1401711255311966,0.5805618762969971,-0.05612583085894585,9.30661678314209,1.004852056503296,0.05780840665102005,-4.306626796722412,-2.7808618545532227,7.589627742767334,-0.5587666034698486,-0.8218570947647095,-0.7248343825340271,5.383760452270508,-2.1114847660064697,0.0,0.0,0.0,0.0,0.06833904981613159,0.0,1.0,0.0,0.0,0.0,0.7943102121353149,0.0,0.6933832764625549,flip,False,False,,0.0,0.7943101861368228,0.0,0.0,0.28659881218514915,0.36414513558567446,4.422680658487349,8.102336826808916,5.783013407283059,9.306616734864937,2.4126377143657205
40,56.373051200262886,-0.3537304997444153,-0.09202516824007034,-4.1970109939575195,-0.8344953060150146,-0.1190667673945427,0.5358588695526123,-0.04791628196835518,9.19701099395752,0.9699264168739319,0.07471869140863419,-4.478621006011963,-3.283149242401123,6.40144157409668,-0.07069157809019089,-0.5240859389305115,-0.7555245161056519,33.51423263549805,-1.6545002460479736,0.0,0.0,0.0,0.0,0.11783376336097717,0.0,1.0,0.0,0.0,0.0,0.8106113076210022,0.0,0.8029887676239014,flip,False,False,,0.0,0.8106113231979444,0.0,0.0,0.39735443018019784,0.36550498032573003,4.583054178550795,7.194617398940906,33.555045180919,9.197011227122124,4.159996111670136
41,47.8577190721604,-0.35680824518203735,-0.07936222106218338,-4.092629432678223,-0.8608963489532471,-0.09803073108196259,0.4974334239959717,-0.0425146110355854,9.092629432678223,0.9582919478416443,0.07234781980514526,-4.639620304107666,-1.8749829530715942,5.283315658569336,0.23003815114498138,-0.07234419137239456,-0.7774185538291931,15.420876502990723,-1.097470760345459,0.0,0.0,0.0,0.0,0.03567120432853699,0.0,1.0,0.0,0.0,0.0,0.8240651488304138,0.0,0.9073706269264221,flip,False,False,,0.0,0.8240651762002462,0.0,0.0,0.48590176467648305,0.3655276873312817,4.738104657475909,5.610873675017567,15.459879539765394,9.092629358926752,1.2593340573424099
42,34.647723364312355,-0.35916873812675476,-0.07056018710136414,-3.992799997329712,-0.8806626200675964,-0.08250122517347336,0.4647369086742401,-0.040577154606580734,8.992799758911133,0.9469494819641113,0.07174216955900192,-4.798061847686768,-2.1647088527679443,4.363103866577148,0.2817084491252899,0.2369287759065628,-0.7914175987243652,30.4663143157959,-0.6797441244125366,0.0,0.0,0.0,0.0,0.03038942813873291,0.0,1.0,0.0,0.0,0.0,0.8351757526397705,0.0,1.007200002670288,flip,False,False,,0.0,0.8351757286701781,0.0,0.0,0.55442472538045,0.36603404399902184,4.891140891193801,4.878729157709121,30.473895822120863,8.992799953102116,1.0728665476441384
43,29.907957494740387,-0.3623398244380951,-0.06252320110797882,-3.8957483768463135,-0.8958096504211426,-0.06860318034887314,0.4373522102832794,-0.039264701306819916,8.895748138427734,0.9437795877456665,0.06734133511781693,-4.954413414001465,-0.8693758845329285,3.567293167114258,0.29238319396972656,0.6025427579879761,-0.7999132871627808,9.342063903808594,-0.40495234727859497,0.0,0.0,0.0,0.0,0.0073409974575042725,0.0,1.0,0.0,0.0,0.0,0.8442597389221191,0.0,1.1042516231536865,flip,False,False,,0.0,0.844259766348213,0.0,0.0,0.6080336676470615,0.367694586037089,5.043953568778282,3.6833250566422056,9.350836293122997,8.895748396417316,0.25916613377988335
44,24.187334539772735,-0.36609894037246704,-0.06020112335681915,-3.800717830657959,-0.9070767760276794,-0.06284302473068237,0.41424641013145447,-0.040772970765829086,8.800718307495117,0.9371830224990845,0.06277544051408768,-5.110728740692139,-0.37131819128990173,2.943427801132202,0.17303720116615295,0.65754634141922,-0.8047888278961182,0.45958176255226135,-0.2241300642490387,0.0,0.0,0.0,0.0,0.01846921443939209,0.0,1.0,0.0,0.0,0.0,0.8517551422119141,0.0,1.1992820501327515,flip,False,False,,0.0,0.8517551437939554,0.0,0.0,0.6489013977865001,0.37101565075679827,5.196325823957574,2.971798533581315,0.5113214966446714,8.800717938699018,0.6520360384154319
45,18.620538873941246,-0.37089306116104126,-0.05889694765210152,-3.706104040145874,-0.9159696102142334,-0.0591488741338253,0.3946385383605957,-0.04197066277265549,8.706104278564453,0.9220033884048462,0.05395675450563431,-5.268203258514404,-0.3031083047389984,2.4961516857147217,0.09005514532327652,0.6507506966590881,-0.8069105744361877,-0.89638352394104,-0.07084548473358154,0.0,0.0,0.0,0.0,0.0481874942779541,0.0,1.0,0.0,0.0,0.0,0.858111560344696,0.0,1.293895959854126,flip,False,False,,0.0,0.8581115418565608,0.0,0.0,0.6815237020813124,0.3755402904178452,5.348548042768105,2.5160997173658846,0.8991787827014475,8.706104082500373,1.7012084067392348
46,17.004140390934932,-0.3756575584411621,-0.056972842663526535,-3.6103508472442627,-0.9237146973609924,-0.05544204264879227,0.37666329741477966,-0.04245058447122574,8.610350608825684,0.8642957210540771,0.01977449841797352,-5.43227481842041,-0.4111269414424896,2.432797431945801,0.04149577394127846,0.6256981492042542,-0.8073311448097229,-2.4178783893585205,0.0006671427399851382,0.0,0.0,0.0,0.0,0.1949584186077118,0.0,1.0,0.0,0.0,0.0,0.864306628704071,0.0,1.3896491527557373,flip,False,False,,0.0,0.8643066093736294,0.0,0.0,0.7101019094915159,0.37995330460203086,5.50063713065657,2.467640592648696,2.4178784526433037,8.610350834578904,6.88280031302154
47,15.442241318116412,-0.37907442450523376,-0.054310064762830734,-3.512437582015991,-0.9310711026191711,-0.0517730750143528,0.3586283326148987,-0.04256569966673851,8.51243782043457,0.7935235500335693,-0.02098512090742588,-5.594260215759277,-0.10196449607610703,2.4644412994384766,-0.0013900860212743282,0.5371835231781006,-0.8078300356864929,-13.911096572875977,-0.04641219228506088,0.0,0.0,0.0,0.0,0.2352893352508545,0.0,1.0,0.0,0.0,0.0,0.8705822825431824,0.0,1.4875624179840088,flip,False,False,,0.0,0.8705822578003279,0.0,0.0,0.737411384377211,0.38294516184423605,5.650298097511583,2.466550217943273,13.91117370959765,8.512437525332425,8.30664057433605
48,11.195236496223089,-0.37986311316490173,-0.05536257103085518,-3.4123504161834717,-0.9380151629447937,-0.05422505363821983,0.3394373059272766,-0.044379815459251404,8.41235065460205,0.697977602481842,-0.061144616454839706,-5.748477458953857,0.9667108654975891,2.617414951324463,-0.1286337822675705,0.07055364549160004,-0.8084142804145813,-44.63329315185547,-0.028025057166814804,0.0,0.0,0.0,0.0,0.2979333698749542,0.0,1.0,0.0,0.0,0.0,0.8772474527359009,0.0,1.5876497030258179,flip,False,False,,0.0,0.8772474499847269,0.0,0.0,0.7636850796626492,0.38387627179183,5.791019076444697,2.7931947703836855,44.633303594217104,8.412350297104158,10.51822181406319
49,11.491553693776822,-0.37934261560440063,-0.05721701681613922,-3.310626268386841,-0.9443450570106506,-0.0585058219730854,0.3204667866230011,-0.045722704380750656,8.310626029968262,0.6600955724716187,-0.05707550048828125,-5.89876651763916,-0.12667065858840942,2.3475608825683594,-0.22015970945358276,-0.5468576550483704,-0.8090183138847351,-22.258771896362305,-0.04003802686929703,0.0,0.0,0.0,0.0,0.10669201612472534,0.0,1.0,0.0,0.0,0.0,0.8832254409790039,0.0,1.6893736124038696,flip,False,False,,0.0,0.8832254644787596,0.0,0.0,0.7877555444990317,0.38363342873125156,5.935859683046996,2.361261839208412,22.258807661133638,8.310626335414643,3.7666485357463357
50,13.112585392628958,-0.3786403238773346,-0.05227024108171463,-3.206637382507324,-0.9506977200508118,-0.05327356979250908,0.3023514747619629,-0.043810226023197174,8.206637382507324,0.5700839161872864,-0.027156420052051544,-6.046706676483154,-1.0799845457077026,2.4663119316101074,-0.1372881978750229,-0.6464328765869141,-0.8099139332771301,9.197864532470703,-0.06036188825964928,0.0,0.0,0.0,0.0,0.2707197666168213,0.0,1.0,0.0,0.0,0.0,0.8895058631896973,0.0,1.7933626174926758,flip,False,False,,0.0,0.8895058760514686,0.0,0.0,0.8114898582558218,0.38223118664948785,6.073581506077353,2.695905955066127,9.198062240696643,8.206637358533882,9.55747439745426
51,5.676781363073592,-0.3770509362220764,-0.04230428487062454,-3.1004321575164795,-0.9569519758224487,-0.04047026112675667,0.2845335006713867,-0.040568262338638306,8.100432395935059,0.5149537324905396,-0.011872406117618084,-6.1932830810546875,-2.0618674755096436,2.34226393699646,0.03187638148665428,-0.23470184206962585,-0.8103910088539124,41.798309326171875,-0.010862991213798523,0.0,0.0,0.0,0.0,0.16227981448173523,0.0,1.0,0.0,0.0,0.0,0.895470380783081,0.0,1.89956796169281,flip,False,False,,0.0,0.895470402110265,0.0,0.0,0.8348048075802078,0.379416732038982,6.214665949994226,3.1206592119863066,41.798309356830636,8.100432092086526,5.729116833674311
52,2.1450817680772545,-0.3757166564464569,-0.027937885373830795,-2.992974042892456,-0.9623766541481018,-0.021250994876027107,0.26837441325187683,-0.036807332187891006,7.992973804473877,0.48576751351356506,-0.018074486404657364,-6.340985298156738,-1.7562311887741089,2.0733683109283447,0.19259308278560638,0.6322824954986572,-0.7993852496147156,45.339324951171875,1.6810837984085083,0.0,0.0,0.0,0.0,0.08603551983833313,0.0,1.0,0.0,0.0,0.0,0.9007502198219299,0.0,2.007025957107544,flip,False,False,,0.0,0.9007501913518217,0.0,0.0,0.8550475484926741,0.3767539256421129,6.359590338021328,2.7240221360766004,45.37047948494612,7.992974001200588,3.0373928302413225
53,1.0029449808808617,-0.37442490458488464,-0.023923706263303757,-2.884819269180298,-0.9663615822792053,-0.016286049038171768,0.25395259261131287,-0.03725815191864967,7.884819030761719,0.479247123003006,-0.027790658175945282,-6.493305206298828,0.22668366134166718,1.7233250141143799,0.12425094097852707,0.9483755230903625,-0.7542579174041748,3.2291083335876465,3.885394334793091,0.0,0.0,0.0,0.0,0.020895063877105713,0.0,1.0,0.0,0.0,0.0,0.9051386117935181,0.0,2.115180730819702,flip,False,False,,0.0,0.9051386024182612,0.0,0.0,0.8704857950194377,0.37518841038345274,6.511026123847453,1.7426051824163988,5.052071836072406,7.884819199555383,0.7376780814135074
54,-5.7477376353441985,-0.37372714281082153,-0.025153499096632004,-2.7753381729125977,-0.9694814085960388,-0.01891874149441719,0.2413148432970047,-0.038923345506191254,7.775338172912598,0.4621855318546295,-0.04325639456510544,-6.644175052642822,0.49609825015068054,1.5154452323913574,0.040453895926475525,0.8955702185630798,-0.6780950427055359,-7.2897114753723145,5.420691967010498,0.0,0.0,0.0,0.0,0.0635547935962677,0.0,1.0,0.0,0.0,0.0,0.908997654914856,0.0,2.2246618270874023,flip,False,False,,0.0,0.9089976520318572,0.0,0.0,0.8828185200489074,0.37457266332801076,6.660371675936311,1.5950938115191295,9.08426060458971,7.775338220528572,2.2437346198350188
55,-11.195204012079172,-0.3734951615333557,-0.02654874697327614,-2.664156675338745,-0.9721002578735352,-0.0222019013017416,0.2299969494342804,-0.04036783427000046,7.664156913757324,0.44338440895080566,-0.060267288237810135,-6.791463375091553,0.6522873640060425,1.366758108139038,0.03899189457297325,0.7396531105041504,-0.6070286631584167,-15.931730270385742,2.8750128746032715,0.0,0.0,0.0,0.0,0.07236149907112122,0.0,1.0,0.0,0.0,0.0,0.9124780893325806,0.0,2.335843324661255,flip,False,False,,0.0,0.912478072956394,0.0,0.0,0.8932172013903015,0.3744375351858061,6.806187967910647,1.5149346195452644,16.189061604695272,7.664156679710758,2.554646021516919
56,-11.93926825547226,-0.37329673767089844,-0.02731063775718212,-2.551100015640259,-0.9744197130203247,-0.0250441525131464,0.21941342949867249,-0.04167411848902702,7.551100254058838,0.4125834107398987,-0.08204088360071182,-6.929503440856934,0.22140081226825714,1.3187086582183838,0.028497446328401566,0.5117306709289551,-0.5912359356880188,-12.308212280273438,-0.8046230673789978,0.0,0.0,0.0,0.0,0.11676925420761108,0.0,1.0,0.0,0.0,0.0,0.9158361554145813,0.0,2.448899984359741,flip,False,False,,0.0,0.9158361368761307,0.0,0.0,0.9024610077974619,0.3742944370191234,6.942260039255545,1.3374688186707904,12.334484721484264,7.551100042923224,4.122414744390249
57,-14.532889642062345,-0.37223613262176514,-0.0281443502753973,-2.4361002445220947,-0.9766307473182678,-0.02863999828696251,0.2086450308561325,-0.042888108640909195,7.436100006103516,0.36075589060783386,-0.11017655581235886,-7.052605628967285,0.9824607968330383,1.394491195678711,-0.03608928620815277,0.15844106674194336,-0.6277947425842285,-35.51197052001953,-3.446690797805786,0.0,0.0,0.0,0.0,0.18735957145690918,0.0,1.0,0.0,0.0,0.0,0.91938716173172,0.0,2.5638997554779053,flip,False,False,,0.0,0.9193871794763414,0.0,0.0,0.9112945341389181,0.37329859985482233,7.062685798692068,1.7062055019506497,35.678840144429905,7.436100136361754,6.614531069140433
58,4.085405152908097,-0.3674263656139374,-0.02917349524796009,-2.319024085998535,-0.9792883992195129,-0.03321818262338638,0.19489504396915436,-0.04366540163755417,7.319024085998535,0.20236775279045105,-0.11592808365821838,-7.115633964538574,0.11034651845693588,2.0447466373443604,-0.1243252158164978,-0.3208566904067993,-0.6832694411277771,-16.995534896850586,-3.1964046955108643,0.0,0.0,0.0,0.0,0.5295401811599731,0.0,1.0,0.0,0.0,0.0,0.9245941042900085,0.0,2.680975914001465,flip,False,False,,0.0,0.9245940841599989,0.0,0.0,0.9218242575974053,0.3685827388770279,7.119454993691228,2.0514926588845728,17.293502280291815,7.319024092463018,18.69485478326082
59,-2.6273311519024882,-0.3606543242931366,-0.026592344045639038,-2.2000527381896973,-0.9821487665176392,-0.03277742117643356,0.18010428547859192,-0.043264809995889664,7.200052738189697,0.18797586858272552,-0.11162131279706955,-7.261042594909668,-0.2676931619644165,1.7272309064865112,-0.09576616436243057,-0.5510403513908386,-0.7155860662460327,-7.741954803466797,-0.5407617688179016,0.0,0.0,0.0,0.0,0.04379698634147644,0.0,1.0,0.0,0.0,0.0,0.9289924502372742,0.0,2.7999472618103027,flip,False,False,,0.0,0.9289924415049604,0.0,0.0,0.9329760696218912,0.3616333720860909,7.264332963613513,1.7504734601543466,7.760817447536591,7.200052644337193,1.5462061779803036
60,-4.756988227804615,-0.3545812964439392,-0.022341929376125336,-2.079434871673584,-0.9845867156982422,-0.02966979146003723,0.1669807881116867,-0.042732931673526764,7.079434871673584,0.1475483924150467,-0.09671922773122787,-7.394620418548584,-0.2989247143268585,1.6375001668930054,-0.03239443153142929,-0.6098282337188721,-0.6991453766822815,-1.7038062810897827,2.4774045944213867,0.0,0.0,0.0,0.0,0.13361746072769165,0.0,1.0,0.0,0.0,0.0,0.933162271976471,0.0,2.920565128326416,flip,False,False,,0.0,0.9331623015842537,0.0,0.0,0.9424742690195714,0.35528447346608955,7.396724827076771,1.664876081049703,3.0067405892376127,7.079434835174402,4.717222816482782
61,-10.797135293069662,-0.34879496693611145,-0.018869608640670776,-1.9571486711502075,-0.9866014122962952,-0.027319280430674553,0.15507857501506805,-0.0426841601729393,6.957148551940918,0.13259533047676086,-0.09087294340133667,-7.538881301879883,-0.16554246842861176,1.4011174440383911,0.02049175836145878,-0.6383243203163147,-0.6387543678283691,-2.0287482738494873,6.189317226409912,0.0,0.0,0.0,0.0,0.049479126930236816,0.0,1.0,0.0,0.0,0.0,0.9367302060127258,0.0,3.042851209640503,flip,False,False,,0.0,0.9367302177625605,0.0,0.0,0.9504088880512839,0.34930501936327557,7.540595044833012,1.4110117683621308,6.5133300316698985,6.957148715999489,1.7468081283974646
62,-17.305379979257147,-0.34384647011756897,-0.01630207523703575,-1.8332133293151855,-0.9881349802017212,-0.025861363857984543,0.14497032761573792,-0.043635718524456024,6.8332133293151855,0.11161214858293533,-0.07946135848760605,-7.676278114318848,-0.05928441509604454,1.1996911764144897,0.11666224151849747,-0.6624341011047363,-0.41158750653266907,-0.9930577874183655,17.725257873535156,0.0,0.0,0.0,0.0,0.07890930771827698,0.0,1.0,0.0,0.0,0.0,0.9397851824760437,0.0,3.1667866706848145,flip,False,False,,0.0,0.9397852063418335,0.0,0.0,0.9566296449604087,0.34423269527412076,7.677500501052656,1.2068072417532782,17.75305367702262,6.8332133372096235,2.785809465127587
63,-19.0882926056252,-0.3393050730228424,-0.01418505422770977,-1.7073744535446167,-0.9894677996635437,-0.024994075298309326,0.13579440116882324,-0.043459076434373856,6.707374572753906,0.10575710237026215,-0.07435866445302963,-7.820880889892578,-0.06453703343868256,1.1450742483139038,-0.21884678304195404,-0.6650069952011108,-0.3061712980270386,0.5707567930221558,-8.233003616333008,0.0,0.0,0.0,0.0,0.02858087420463562,0.0,1.0,0.0,0.0,0.0,0.9427011013031006,0.0,3.2926254272460938,flip,False,False,,0.0,0.9427011140760116,0.0,0.0,0.9618697268459032,0.33960146246763784,7.821949480825873,1.167584717473852,8.252763906411904,6.707374509971076,1.0090174680680035
64,-20.48867133608851,-0.33462968468666077,-0.013449075631797314,-1.5797646045684814,-0.9906316995620728,-0.025680646300315857,0.12703239917755127,-0.04303599148988724,6.5797648429870605,0.06736516207456589,-0.04224357753992081,-7.929309844970703,0.3094072937965393,1.0204901695251465,0.09002421051263809,-0.6628457307815552,-0.35303330421447754,-0.6573161482810974,9.623383522033691,0.0,0.0,0.0,0.0,0.19053751230239868,0.0,1.0,0.0,0.0,0.0,0.9452997446060181,0.0,3.4202353954315186,flip,False,False,,0.0,0.9452997708562763,0.0,0.0,0.9664071218645515,0.3348998357026583,7.929708592076897,1.070157627459743,9.645805994856588,6.579764624056768,6.726724902073144
65,-24.39526393110614,-0.3301226496696472,-0.014139462262392044,-1.4504845142364502,-0.9915279150009155,-0.027785176411271095,0.11918831616640091,-0.04352584481239319,6.450484275817871,0.058824144303798676,-0.033835478127002716,-8.069153785705566,0.284280002117157,0.971943199634552,-0.16539569199085236,-0.6689491271972656,-0.2889532744884491,0.4084811508655548,-8.69015121459961,0.0,0.0,0.0,0.0,0.046406567096710205,0.0,1.0,0.0,0.0,0.0,0.9477748274803162,0.0,3.54951548576355,flip,False,False,,0.0,0.9477748039178119,0.0,0.0,0.9700437147952621,0.3304253264644951,8.069438798321467,1.0260820914069717,8.699746720975899,6.450484458313745,1.6383346603882312
66,-15.567188734610006,-0.3241890072822571,-0.017227349802851677,-1.3198236227035522,-0.9923769235610962,-0.032344453036785126,0.11051268875598907,-0.04391865059733391,6.319823741912842,-0.028098275884985924,0.044742245227098465,-8.111278533935547,0.9356061220169067,1.1276216506958008,0.1227097138762474,-0.6474575400352478,-0.3389242887496948,1.8594897985458374,9.531977653503418,0.0,0.0,0.0,0.0,0.4644489884376526,0.0,1.0,0.0,0.0,0.0,0.9506462812423706,0.0,3.6801764965057373,flip,False,False,,0.0,0.9506462689675977,0.0,0.0,0.9734820279118269,0.32464640303091413,8.111450818014358,1.4703561458782994,9.71165803739064,6.319823615451592,16.39687922086358
67,-25.049717748736757,-0.31745579838752747,-0.02212843857705593,-1.1878515481948853,-0.9930288791656494,-0.038503747433423996,0.10185816884040833,-0.045122258365154266,6.187851428985596,-0.029129697009921074,0.04602154716849327,-8.260812759399414,0.7158557772636414,1.0266947746276855,-0.13183139264583588,-0.6085717678070068,-0.2760447859764099,3.1568591594696045,-8.757135391235352,0.0,0.0,0.0,0.0,0.00437965989112854,0.0,1.0,0.0,0.0,0.0,0.9532607197761536,0.0,3.8121485710144043,flip,False,False,,0.0,0.9532607257428495,0.0,0.0,0.9762842497824424,0.3182261038180496,8.260992700480106,1.2585432724149426,9.308769414656181,6.187851515588991,0.15461925001680848
68,-10.352648888207177,-0.30903586745262146,-0.02761230245232582,-1.054842472076416,-0.9936944842338562,-0.04448358342051506,0.09210816770792007,-0.04591910168528557,6.054842472076416,-0.14450493454933167,0.1367160826921463,-8.240011215209961,0.6280365586280823,1.3177777528762817,0.11906390637159348,-0.4296873211860657,-0.3270533084869385,24.16267204284668,9.468856811523438,0.0,0.0,0.0,0.0,0.6524814963340759,0.0,1.0,0.0,0.0,0.0,0.9566164016723633,0.0,3.945157527923584,flip,False,False,,0.0,0.9566164191368731,0.0,0.0,0.9790738009935979,0.3102669814459589,8.242412487772604,1.4646310955080983,25.951762621433897,6.054842444924363,23.035167597688435
69,-34.71388423175104,-0.3002783954143524,-0.0337444543838501,-0.9210928678512573,-0.9940947890281677,-0.050315968692302704,0.0833236575126648,-0.04796867072582245,5.921092987060547,-0.14546608924865723,0.13475199043750763,-8.390915870666504,1.2720494270324707,0.8466020226478577,0.10282629728317261,-0.12645037472248077,0.08561628311872482,6.389886856079102,41.74694061279297,0.0,0.0,0.0,0.0,1.1920928955078125e-07,0.0,1.0,0.0,0.0,0.0,0.9587723016738892,0.0,4.078907012939453,flip,False,False,,0.0,0.9587722734344752,0.0,0.0,0.9810528008651489,0.30216850502070125,8.393258586910797,1.5314757188413273,42.233134175722434,5.9210928471142426,4.208557605743408e-06
70,-31.800422866006663,-0.2924819588661194,-0.04354856163263321,-0.7857080698013306,-0.993963360786438,-0.06138233095407486,0.07621699571609497,-0.049598757177591324,5.785707950592041,-0.14519111812114716,0.13429319858551025,-8.54124641418457,1.4111992120742798,0.8742398023605347,-0.014948426745831966,-0.13333551585674286,0.6173936724662781,-3.164623737335205,15.224831581115723,0.0,0.0,0.0,0.0,0.00038504600524902344,0.0,1.0,0.0,0.0,0.0,0.96099853515625,0.0,4.214292049407959,flip,False,False,,0.0,0.9609985068628578,0.0,0.0,0.9808462908562608,0.29570622296213156,8.543536349683903,1.66012109608331,15.550252225443078,5.785708071545619,0.013593641066551207
71,-36.740483658442535,-0.2842879891395569,-0.05495216324925423,-0.6483705639839172,-0.9935314059257507,-0.07485421001911163,0.06868313252925873,-0.050742436200380325,5.648370742797852,-0.14500243961811066,0.13210751116275787,-8.691912651062012,2.178208112716675,0.8089796304702759,-0.060576677322387695,-0.35642075538635254,0.7077072262763977,-27.971097946166992,0.5079548358917236,0.0,0.0,0.0,0.0,0.0,0.0,1.0,0.0,0.0,0.0,0.9630585312843323,0.0,4.351629257202148,flip,False,False,,0.0,0.9630585566009835,0.0,0.0,0.9793611093367,0.28955035345437663,8.694126264400891,2.3243725883497235,27.97570979225024,5.648370545136646,0.0
72,-37.1597871887919,-0.27681460976600647,-0.06570188701152802,-0.5089385509490967,-0.9928966164588928,-0.08739372342824936,0.06213714927434921,-0.05155187100172043,5.508938312530518,-0.14566192030906677,0.1353388875722885,-8.841656684875488,0.9409373998641968,0.6607832312583923,-0.05330066755414009,-0.6711925268173218,0.7060335874557495,-7.92936897277832,0.2218371480703354,0.0,0.0,0.0,0.0,4.380941390991211e-06,0.0,1.0,0.0,0.0,0.0,0.9647412300109863,0.0,4.491061687469482,flip,False,False,,0.0,0.9647412272144086,0.0,0.0,0.9770021187207318,0.28450495312457824,8.843892207057968,1.1510163217032632,7.932471639102106,5.508938549274325,0.00015466449201107023
73,-39.69263812472247,-0.2707245945930481,-0.07126022130250931,-0.3664936423301697,-0.9927149415016174,-0.09244133532047272,0.0571269765496254,-0.052040401846170425,5.3664937019348145,-0.1460382491350174,0.1364399492740631,-8.991485595703125,0.4838486611843109,0.532167375087738,-0.018692977726459503,-0.7271223068237305,0.7228759527206421,-0.8495811820030212,1.510125756263733,0.0,0.0,0.0,0.0,0.0,0.0,1.0,0.0,0.0,0.0,0.9660964012145996,0.0,4.6335062980651855,flip,False,False,,0.0,0.9660963802481142,0.0,0.0,0.9763820956400835,0.2799461192962656,8.99370690510447,0.7194866563735299,1.7327053687803557,5.366493640936001,0.0
74,-42.57320010714434,-0.2654303312301636,-0.07536157965660095,-0.22150661051273346,-0.9926392436027527,-0.09535331279039383,0.05313028767704964,-0.05246136337518692,5.221506595611572,-0.146238312125206,0.1367344856262207,-9.141304016113281,0.32662925124168396,0.4343956410884857,-0.012072253040969372,-0.7231078147888184,0.7468209862709045,0.8461558818817139,1.3672294616699219,0.0,0.0,0.0,0.0,0.0,0.0,1.0,0.0,0.0,0.0,0.9672025442123413,0.0,4.778493404388428,flip,False,False,,0.0,0.9672025596842533,0.0,0.0,0.9761697974502559,0.2759214258689583,9.143496570884825,0.543628541644584,1.6078855914379024,5.221506611274148,0.0
75,-48.104912470874055,-0.26069802045822144,-0.07887491583824158,-0.0740891620516777,-0.9925923347473145,-0.09739228338003159,0.04987990856170654,-0.052794359624385834,5.074089050292969,-0.1463647186756134,0.1368389129638672,-9.291025161743164,0.24104735255241394,0.35562217235565186,-0.00988397654145956,-0.7026535868644714,0.766277551651001,1.4763017892837524,1.0328587293624878,0.0,0.0,0.0,0.0,0.0,0.0,1.0,0.0,0.0,0.0,0.9681081175804138,0.0,4.925910949707031,flip,False,False,,0.0,0.9681081441120613,0.0,0.0,0.9760534485461202,0.2723686898193645,9.293185554404946,0.42973090373477313,1.8017392364069913,5.074089161961225,0.0
76,-51.25745932535432,-0.25641438364982605,-0.08197543770074844,0.07574877142906189,-0.9925678372383118,-0.09881483763456345,0.04722791165113449,-0.05304955318570137,4.924251079559326,-0.14645467698574066,0.1369761824607849,-9.440611839294434,0.1442752331495285,0.291652113199234,-0.00857946090400219,-0.6708054542541504,0.7797015905380249,2.7211577892303467,0.6627306938171387,0.0,0.0,0.0,0.0,0.0,0.0,1.0,0.0,0.0,0.0,0.96885085105896,0.0,5.075748920440674,flip,False,False,,0.0,0.9688508301128962,0.0,0.0,0.9760101800728712,0.26919938574961194,9.442741657070494,0.3254994702671095,2.8006984536900745,4.924251229496231,0.0
77,-55.06913190287165,-0.2525174021720886,-0.08458667248487473,0.22803694009780884,-0.9925877451896667,-0.09951343387365341,0.04507936164736748,-0.05323951691389084,4.771963119506836,-0.14650379121303558,0.13702663779258728,-9.590091705322266,0.08055932819843292,0.23887859284877777,-0.005942827556282282,-0.6163784861564636,0.7883303761482239,3.661747455596924,0.4266509711742401,0.0,0.0,0.0,0.0,0.0,0.0,1.0,0.0,0.0,0.0,0.9694591164588928,0.0,5.228036880493164,flip,False,False,,0.0,0.9694591294658366,0.0,0.0,0.9761297980765306,0.2663079958459358,9.592189754815093,0.2521668240642774,3.68651946358979,4.771963060260153,0.0
78,-58.458519369783424,-0.24888008832931519,-0.08729486912488937,0.38266831636428833,-0.9925743341445923,-0.10033806413412094,0.04330645501613617,-0.05341373011469841,4.617331504821777,-0.1464802473783493,0.13668282330036163,-9.73952865600586,0.16429094970226288,0.19564852118492126,-0.00412498926743865,-0.5737559199333191,0.7936318516731262,1.2840063571929932,0.2512832581996918,0.0,0.0,0.0,0.0,0.0,0.0,1.0,0.0,0.0,0.0,0.9699573516845703,0.0,5.382668495178223,flip,False,False,,0.0,0.9699573443386532,0.0,0.0,0.9761137673542952,0.26374550134955227,9.74158933348039,0.2555129696945872,1.3083636728711694,4.617331688352602,0.0
79,-61.905186965999775,-0.24540168046951294,-0.09052135795354843,0.5395618677139282,-0.9924699664115906,-0.10190106183290482,0.04180263355374336,-0.05359206348657608,4.460438251495361,-0.14644114673137665,0.13640426099300385,-9.888833999633789,0.22476211190223694,0.160811647772789,-0.00427667424082756,-0.5751883387565613,0.7953329682350159,-0.9918050169944763,0.016911495476961136,0.0,0.0,0.0,0.0,0.0,0.0,1.0,0.0,0.0,0.0,0.9703668355941772,0.0,5.539561748504639,flip,False,False,,0.0,0.9703668478199156,0.0,0.0,0.97573749079721,0.2615647168754163,9.890859301469854,0.27639949017058596,0.9919491922284884,4.460438103246436,0.0
80,-65.1047075246497,-0.24209316074848175,-0.09375917911529541,0.6988211274147034,-0.9923526048660278,-0.10347400605678558,0.04053565114736557,-0.05372397229075432,4.301178932189941,-0.1464112251996994,0.13640256226062775,-10.0379638671875,0.18307264149188995,0.13450303673744202,-0.00788369681686163,-0.5921165943145752,0.7894758582115173,-1.0089192390441895,-0.5950063467025757,0.0,0.0,0.0,0.0,0.0,0.0,1.0,0.0,0.0,0.0,0.9707093834877014,0.0,5.698821067810059,flip,False,False,,0.0,0.9707093569995311,0.0,0.0,0.9752999895452887,0.2596148753371816,10.039958606658685,0.22730775134511294,1.1713029092209046,4.301178853946575,0.0
81,-68.14159572940791,-0.23897112905979156,-0.09660941362380981,0.8605310916900635,-0.992284893989563,-0.10448019206523895,0.039494581520557404,-0.05380241572856903,4.139468669891357,-0.14639221131801605,0.13656669855117798,-10.18694019317627,0.0797918289899826,0.11139354854822159,-0.006851329933851957,-0.5961115956306458,0.7761333584785461,0.6638467907905579,-0.9124115705490112,0.0,0.0,0.0,0.0,2.9802322387695312e-08,0.0,1.0,0.0,0.0,0.0,0.9709930419921875,0.0,5.860531330108643,flip,False,False,,0.0,0.9709930183390769,0.0,0.0,0.9750480494008483,0.25776069937338697,10.188907188289187,0.1371940189544258,1.1283560737311893,4.139468886730569,1.052139401435852e-06
82,-71.56261305303256,-0.23603986203670502,-0.09889275580644608,1.024732232093811,-0.9922960996627808,-0.10465696454048157,0.038672663271427155,-0.053849563002586365,3.9752678871154785,-0.14637857675552368,0.13684868812561035,-10.335772514343262,-0.06720225512981415,0.09135950356721878,-0.003413046943023801,-0.5687554478645325,0.7598527073860168,3.779808282852173,-0.9937899112701416,0.0,0.0,0.0,0.0,6.854534149169922e-07,0.0,1.0,0.0,0.0,0.0,0.9712256789207458,0.0,6.0247321128845215,flip,False,False,,0.0,0.9712256633974438,0.0,0.0,0.9751016179229305,0.2559191148651289,10.337714381616818,0.11346519454289215,3.9082692703355684,3.9752678246981907,2.4199206233024595e-05
83,-79.23523651472918,-0.23361524939537048,-0.097782202064991,1.1920007467269897,-0.9928069710731506,-0.09991161525249481,0.03826998919248581,-0.05373458191752434,3.8079993724823,-0.14663492143154144,0.1397344172000885,-10.483942985534668,-1.1777360439300537,0.07448446750640869,0.005138853099197149,-0.30776163935661316,0.7439095973968506,30.989063262939453,-0.9168400168418884,0.0,0.0,0.0,0.0,0.0001221001148223877,0.0,1.0,0.0,0.0,0.0,0.9714153409004211,0.0,6.192000865936279,flip,False,False,,0.0,0.9714153365409679,0.0,0.0,0.9771031056799522,0.25325371116347384,10.485899729205252,1.1801002754334267,31.002623883328987,3.8079992677854997,0.004310615127682686
84,-82.73333807149888,-0.231692373752594,-0.09335346519947052,1.362220048904419,-0.9937315583229065,-0.09038840979337692,0.038295675069093704,-0.05348847433924675,3.637779951095581,-0.14655353128910065,0.1394052505493164,-10.632722854614258,-1.0945188999176025,0.05020330473780632,0.006785113830119371,0.23802468180656433,0.7416241765022278,34.55604553222656,0.6729158759117126,0.0,0.0,0.0,0.0,1.4424324035644531e-05,0.0,1.0,0.0,0.0,0.0,0.9715431928634644,0.0,6.362220287322998,flip,False,False,,0.0,0.9715431782047494,0.0,0.0,0.9807266507922351,0.24979236967151228,10.634646287470487,1.0956906735528034,34.56259807388604,3.637779899326019,0.0005092354702949523
85,-63.16684694275676,-0.22947220504283905,-0.09234190732240677,1.5341159105300903,-0.9941493272781372,-0.08580382913351059,0.03819258511066437,-0.0533490851521492,3.465884208679199,-0.14608746767044067,0.13601815700531006,-10.781867980957031,0.11831841617822647,0.03955661877989769,-0.002230722224339843,0.6359870433807373,0.7575954794883728,10.342924118041992,1.09819757938385,0.0,0.0,0.0,0.0,5.662441253662109e-06,0.0,1.0,0.0,0.0,0.0,0.9716439247131348,0.0,6.534115791320801,flip,False,False,,0.0,0.9716439083061129,0.0,0.0,0.982358820881361,0.24735505199004668,10.783715427550291,0.12477559973738983,10.40106291221148,3.4658841294570184,0.0001999064862728119
86,-63.76014245794026,-0.22669047117233276,-0.09655770659446716,1.7074744701385498,-0.993900716304779,-0.0887494832277298,0.03773995488882065,-0.053484655916690826,3.29252552986145,-0.14587265253067017,0.1349419355392456,-10.930481910705566,0.47625669836997986,0.03428339213132858,0.001573893241584301,0.7001088261604309,0.7727211713790894,0.7419215440750122,0.7832833528518677,0.0,0.0,0.0,0.0,1.1593103408813477e-05,0.0,1.0,0.0,0.0,0.0,0.9717311859130859,0.0,6.707474231719971,flip,False,False,,0.0,0.9717312102460397,0.0,0.0,0.9813985533046661,0.24639797556505383,10.932287668060876,0.4774916503128382,1.0788792365173998,3.292525535178242,0.00040928222715854644
87,-64.88806234628855,-0.22389748692512512,-0.10112573951482773,1.8831276893615723,-0.9935929775238037,-0.09220708906650543,0.037302419543266296,-0.05365994572639465,3.1168723106384277,-0.14579297602176666,0.13510483503341675,-11.07875919342041,0.3741989731788635,0.029328037053346634,0.003517823526635766,0.7094177007675171,0.78318190574646,1.010966420173645,0.5284590721130371,0.0,0.0,0.0,0.0,4.07099723815918e-05,0.0,1.0,0.0,0.0,0.0,0.9718058705329895,0.0,6.883127689361572,flip,False,False,,0.0,0.9718058934798287,0.0,0.0,0.9802126921565342,0.2456755967675687,11.08054252696124,0.37536299972117204,1.1407550220043774,3.116872336969599,0.001437222422361374
88,-66.06498391138561,-0.22120411694049835,-0.1050894632935524,2.0612478256225586,-0.9933547377586365,-0.09479667246341705,0.036952126771211624,-0.05380034074187279,2.9387521743774414,-0.14569082856178284,0.1351991891860962,-11.22691535949707,0.29305264353752136,0.024289730936288834,0.002820246387273073,0.729732871055603,0.7912009358406067,1.311059594154358,0.44521400332450867,0.0,0.0,0.0,0.0,0.00010648369789123535,0.0,1.0,0.0,0.0,0.0,0.9718677401542664,0.0,7.061247825622559,flip,False,False,,0.0,0.9718677467709232,0.0,0.0,0.9792962471965835,0.24489805021918287,11.228674908994417,0.294071081897884,1.3845912336425907,2.93875216615844,0.003759294081330299
89,-67.20310471863431,-0.21857383847236633,-0.10874296724796295,2.241786241531372,-0.9931522011756897,-0.09694107621908188,0.036661528050899506,-0.05391693487763405,2.758213758468628,-0.14557282626628876,0.13518479466438293,-11.37497329711914,0.2519129812717438,0.02016572095453739,0.0024861935526132584,0.748299777507782,0.7977932095527649,0.9816728830337524,0.3599990904331207,0.0,0.0,0.0,0.0,0.00010946393013000488,0.0,1.0,0.0,0.0,0.0,0.9719191193580627,0.0,7.241786479949951,flip,False,False,,0.0,0.9719190983555382,0.0,0.0,0.9785167199431318,0.24413019618576334,11.376708039728536,0.25273104728045764,1.0456007827586602,2.7582136425830908,0.0038645080214738843
90,-68.32635475549337,-0.21598803997039795,-0.11219782382249832,2.4247241020202637,-0.9929723739624023,-0.09880094975233078,0.03641432896256447,-0.05402090772986412,2.5752758979797363,-0.1454695165157318,0.13516175746917725,-11.522931098937988,0.2189919650554657,0.017097895964980125,0.0026711367536336184,0.7611303329467773,0.8025866746902466,0.6360417604446411,0.24156315624713898,0.0,0.0,0.0,0.0,3.0040740966796875e-05,0.0,1.0,0.0,0.0,0.0,0.9719626307487488,0.0,7.424724102020264,flip,False,False,,0.0,0.9719626377918055,0.0,0.0,0.9778247386245199,0.2433910141302643,11.524641816040099,0.21967465538864456,0.6803689033928936,2.575275909021783,0.0010605565166473389
91,-69.45589621508759,-0.21344009041786194,-0.11547717452049255,2.6100573539733887,-0.9928137063980103,-0.10040943324565887,0.03620316460728645,-0.054113347083330154,2.3899426460266113,-0.14536935091018677,0.13513636589050293,-11.670775413513184,0.18816694617271423,0.014491564594209194,0.002488958416506648,0.7691881656646729,0.8056648373603821,0.38851720094680786,0.14932988584041595,0.0,0.0,0.0,0.0,1.0639429092407227e-05,0.0,1.0,0.0,0.0,0.0,0.9719995260238647,0.0,7.610057353973389,flip,False,False,,0.0,0.9719995402580535,0.0,0.0,0.9772145558987017,0.24267602000432317,11.672463336130603,0.1887405648071075,0.4162271310027032,2.389942717529048,0.00037561376631259916
92,-70.59473014295571,-0.21092665195465088,-0.11859191209077835,2.797783851623535,-0.9926761388778687,-0.10178211331367493,0.036023903638124466,-0.05419236049056053,2.202216148376465,-0.14526940882205963,0.13510632514953613,-11.818506240844727,0.15948133170604706,0.012219537049531937,0.002032168209552765,0.7740185260772705,0.8075346946716309,0.2288481891155243,0.08927162736654282,0.0,0.0,0.0,0.0,4.023313522338867e-06,0.0,1.0,0.0,0.0,0.0,0.9720306396484375,0.0,7.797783851623535,flip,False,False,,0.0,0.9720306570541255,0.0,0.0,0.976685361711302,0.2419795335399795,11.820170743918881,0.15996168986609186,0.24564388086001995,2.202216177443048,0.00014203881919384003
93,-71.74066496065902,-0.208444282412529,-0.12155674397945404,2.987900495529175,-0.9925585985183716,-0.10294011980295181,0.03587273880839348,-0.054257795214653015,2.012099504470825,-0.14516833424568176,0.13506841659545898,-11.966121673583984,0.13386133313179016,0.010260929353535175,0.001523394137620926,0.776750922203064,0.8086410760879517,0.12437547743320465,0.05231018364429474,0.0,0.0,0.0,0.0,1.7583370208740234e-06,0.0,1.0,0.0,0.0,0.0,0.9720568060874939,0.0,7.987900257110596,flip,False,False,,0.0,0.9720567862952677,0.0,0.0,0.9762329586806407,0.24129869058429543,11.967764050414422,0.13426267243731754,0.1349281856203542,2.012099612222988,6.207622468471527e-05
94,-72.89170310359647,-0.2059890329837799,-0.12439119815826416,3.1804022789001465,-0.9924590587615967,-0.10391160845756531,0.03574575483798981,-0.05431102588772774,1.8195977210998535,-0.14506568014621735,0.13502058386802673,-12.113622665405273,0.11202474683523178,0.008594315499067307,0.0010715575190261006,0.7779708504676819,0.8092911839485168,0.043105319142341614,0.03082035481929779,0.0,0.0,0.0,0.0,6.258487701416016e-07,0.0,1.0,0.0,0.0,0.0,0.9720786809921265,0.0,8.180401802062988,flip,False,False,,0.0,0.9720786715389452,0.0,0.0,0.9758492376151099,0.24063385644287014,12.115243690849121,0.11235904488671682,0.052990213098520894,1.8195977287975318,2.209492743015289e-05
95,-74.05189534175157,-0.20355656743049622,-0.12711714208126068,3.37528395652771,-0.9923746585845947,-0.10472816228866577,0.03563880920410156,-0.05435509979724884,1.62471604347229,-0.14496104419231415,0.13496223092079163,-12.26101016998291,0.09415127336978912,0.007256684359163046,0.0008611323428340256,0.7778308391571045,0.8095309734344482,-0.037048108875751495,0.00522643281146884,0.0,0.0,0.0,0.0,2.682209014892578e-07,0.0,1.0,0.0,0.0,0.0,0.9720971584320068,0.0,8.375284194946289,flip,False,False,,0.0,0.9720971505339332,0.0,0.0,0.9755237776584733,0.2399875900029272,12.262609844497442,0.09443443809829966,0.03741494460420393,1.624716049321174,9.469254612922668e-06
96,-75.22745773820061,-0.20114335417747498,-0.12975361943244934,3.572540283203125,-0.9923028945922852,-0.10541731119155884,0.035548582673072815,-0.054391298443078995,1.4274598360061646,-0.1448550522327423,0.1348956674337387,-12.408283233642578,0.07936413586139679,0.006094932556152344,0.0005734697915613651,0.776388943195343,0.8095101118087769,-0.11247938126325607,-0.004836533218622208,0.0,0.0,0.0,0.0,2.086162567138672e-07,0.0,1.0,0.0,0.0,0.0,0.9721126556396484,0.0,8.572540283203125,flip,False,False,,0.0,0.9721126711526934,0.0,0.0,0.9752469784240043,0.23936300790203344,12.409862221102403,0.07959989138923299,0.11258331532763996,1.427459806843144,7.364975810050963e-06
97,-76.39260753814119,-0.1987484097480774,-0.132302388548851,3.7721691131591797,-0.9922439455986023,-0.10598161816596985,0.03547373041510582,-0.054419077932834625,1.2278307676315308,-0.14474907517433167,0.13483156263828278,-12.555440902709961,0.06366953998804092,0.005059195216745138,0.00021044147433713078,0.7746639251708984,0.8095279335975647,-0.09642352163791656,0.0043394919484853745,0.0,0.0,0.0,0.0,3.5762786865234375e-07,0.0,1.0,0.0,0.0,0.0,0.9721255302429199,0.0,8.77216911315918,flip,False,False,,0.0,0.9721255542879689,0.0,0.0,0.9750190223015036,0.23875689190227947,12.556998796766313,0.06387057447688128,0.09652112051527931,1.227830787715798,1.2625672817230224e-05
98,-77.56160815215233,-0.19636964797973633,-0.13477246463298798,3.974167585372925,-0.9921965599060059,-0.10643411427736282,0.03541215881705284,-0.05444010719656944,1.0258324146270752,-0.14464165270328522,0.13475941121578217,-12.702483177185059,0.05101030692458153,0.004235776606947184,5.894602509215474e-05,0.773176372051239,0.8096586465835571,-0.0834759995341301,0.009639143012464046,0.0,0.0,0.0,0.0,2.980232238769531e-07,0.0,1.0,0.0,0.0,0.0,0.9721363186836243,0.0,8.974167823791504,flip,False,False,,0.0,0.972136340605101,0.0,0.0,0.974835516203943,0.23816938461591539,12.704021811090508,0.05118590180439689,0.08403068293595164,1.02583238850144,1.052139401435852e-05
99,-78.72372019285002,-0.19400545954704285,-0.13716813921928406,4.17853307723999,-0.9921602010726929,-0.10678098350763321,0.035362131893634796,-0.054456066340208054,0.8214671015739441,-0.1445339471101761,0.13468804955482483,-12.849411010742188,0.038093920797109604,0.0035851621069014072,2.049988688668236e-05,0.7726222276687622,0.8098366856575012,-0.004487795755267143,0.011048432439565659,0.0,0.0,0.0,0.0,2.384185791015625e-07,0.0,1.0,0.0,0.0,0.0,0.9721454977989197,0.0,9.178532600402832,flip,False,False,,0.0,0.9721454701456672,0.0,0.0,0.974694681842685,0.23759886291259794,12.850929611724093,0.038262262284969636,0.01192510681297557,0.8214670830327049,8.417115211486816e-06
100,-79.90510813967204,-0.19165289402008057,-0.13950863480567932,4.38525915145874,-0.9921320080757141,-0.10705012083053589,0.03532113507390022,-0.054468102753162384,0.6147406697273254,-0.1444244086742401,0.13460268080234528,-12.99622631072998,0.03043215721845627,0.0030302871018648148,-5.9140671510249376e-05,0.7726256847381592,0.8100996613502502,0.002827379386872053,0.018103929236531258,0.0,0.0,0.0,0.0,1.4901161193847656e-07,0.0,1.0,0.0,0.0,0.0,0.9721531867980957,0.0,9.385259628295898,flip,False,False,,0.0,0.9721531867081226,0.0,0.0,0.9745853774391218,0.23705166146076345,12.997725320999656,0.030582712473655755,0.01832338179482172,0.6147406418516177,5.26069700717926e-06
101,-81.09049555347609,-0.18930938839912415,-0.14180955290794373,4.59434175491333,-0.9921095967292786,-0.10726415365934372,0.03528701514005661,-0.05447758734226227,0.40565812587738037,-0.14431415498256683,0.1345137059688568,-13.142926216125488,0.024156803265213966,0.002603923436254263,-4.6114015276543796e-05,0.7727617621421814,0.8104268908500671,0.010987108573317528,0.02009255439043045,0.0,0.0,0.0,0.0,1.4901161193847656e-07,0.0,1.0,0.0,0.0,0.0,0.9721598029136658,0.0,9.594342231750488,flip,False,False,,0.0,0.972159817544942,0.0,0.0,0.9744984568122566,0.23653327701743185,13.144406920461321,0.024296784134212178,0.022900377878707086,0.40565813122344857,5.26069700717926e-06
102,-82.28046539676606,-0.1869734823703766,-0.14407756924629211,4.805777072906494,-0.9920918941497803,-0.1074327826499939,0.03525836020708084,-0.05448552966117859,0.19422274827957153,-0.1442033350467682,0.13442182540893555,-13.289512634277344,0.01898365654051304,0.0022806425113230944,1.2913455975649413e-05,0.7730522155761719,0.8107349872589111,0.020686322823166847,0.017225351184606552,0.0,0.0,0.0,0.0,2.980232238769531e-07,0.0,1.0,0.0,0.0,0.0,0.9721656441688538,0.0,9.805777549743652,flip,False,False,,0.0,0.9721656251535085,0.0,0.0,0.9744300908109177,0.23604540100915417,13.290974325602967,0.019120165206605765,0.0269190766973001,0.19422274340202866,1.052139401435852e-05
103,-988.6353190931525,-0.1839960664510727,-0.14926563203334808,4.976838111877441,-0.994961678981781,-0.0760701596736908,0.03102817013859749,-0.05746127665042877,0.023161862045526505,0.9692732095718384,3.426863193511963,-6.12974214553833,-7.998837947845459,3.9542834758758545,0.47554853558540344,0.7737085223197937,0.8110020756721497,0.047565702348947525,0.014048652723431587,0.0,1.0,0.0,1.0,6.258487701416016e-07,0.0,0.0,0.0,0.0,1.0,0.9822351336479187,0.0,4.976838111877441,done,False,True,global_height_limit,0.0,0.9822351253948389,0.0,0.0,0.9864972423698903,0.23692779788574667,7.089190588421253,8.935542142214839,0.04959698264924676,0.023161861192877442,2.209492743015289e-05
1,358.35198814583794,0.0006417398108169436,0.0027087596245110035,-3.944924831390381,0.9999924898147583,-0.003787606954574585,0.0008414298645220697,0.00014874115004204214,8.944925308227539,-0.013568255119025707,-0.009972690604627132,0.08842279762029648,-1.136197566986084,0.29790201783180237,0.08477180451154709,0.16792820394039154,-0.17532198131084442,24.49648666381836,-25.280515670776367,0.0,0.0,0.0,0.0,1.0,0.0,1.0,0.0,0.0,0.0,0.0,0.0,1.0550751686096191,flip,False,False,,350.0,0.0,0.0,0.0,0.9999700135986337,0.00278373996136505,0.09001190333953324,1.1776573436796518,35.202022967816404,8.944924836820393,35.30394
2,17.11706826085773,0.005900738760828972,0.010216563008725643,-3.947753667831421,0.9998888373374939,-0.013181215152144432,0.00680582644417882,0.0014929765602573752,8.94775390625,-0.14285916090011597,-0.10567452013492584,0.2313474416732788,-0.9993380308151245,1.2868672609329224,0.08285021781921387,0.47844213247299194,-0.6591929197311401,6.888800144195557,-17.55755615234375,0.0,0.0,0.0,0.0,0.9999878406524658,0.0,1.0,0.0,0.0,0.0,0.003276980482041836,0.0,1.0522464513778687,flip,False,False,,0.0,0.003276980553194491,0.0,0.0,0.9995594772362214,0.01179817269290719,0.2917147361625797,1.6314312745641555,18.860630369022825,8.947753598529731,35.30351072712421
3,44.77562399132899,0.02163791097700596,0.016819549724459648,-3.952605962753296,0.9995507001876831,-0.018799610435962677,0.023320026695728302,0.001064466079697013,8.952606201171875,-0.3644416332244873,-0.21290627121925354,0.31360501050949097,-0.3663046360015869,2.873588800430298,-0.1142742708325386,0.320569783449173,-0.7953381538391113,-26.403017044067383,-3.389925718307495,0.0,0.0,0.0,0.0,0.999793529510498,0.0,1.0,0.0,0.0,0.0,0.010594514198601246,0.0,1.047394037246704,flip,False,False,,0.0,0.010594514364802724,0.0,0.0,0.9982048849819756,0.027406140063329015,0.5258278204008233,2.899094743003497,26.619746953346326,8.95260594160321,35.29665077822685
4,62.752949390864714,0.04993060976266861,0.024733973667025566,-3.960110664367676,0.9983170628547668,-0.024838034063577652,0.05239848792552948,-0.0007024174556136131,8.960110664367676,-0.5938137173652649,-0.23440459370613098,0.40836986899375916,-1.3099565505981445,4.373832702636719,-0.19801227748394012,-0.025114821270108223,-0.8215646743774414,-9.15431022644043,-0.5308459997177124,0.0,0.0,0.0,0.0,0.9997953176498413,0.0,1.0,0.0,0.0,0.0,0.02173238806426525,0.0,1.0398893356323242,flip,False,False,,0.0,0.021732387340872905,0.0,0.0,0.9932756487243021,0.05572104689571396,0.7578431021209439,4.570077191772094,9.169689099092999,8.960110689561963,35.29671390659094
5,76.05405059669542,0.08940659463405609,0.03338265046477318,-3.971907615661621,0.9951880574226379,-0.03238219767808914,0.0924314484000206,-0.0029326952062547207,8.971907615661621,-0.8093893527984619,-0.1997872292995453,0.5147473812103271,-0.22051109373569489,5.634182453155518,-0.22657984495162964,-0.23837117850780487,-0.8234986662864685,-24.717506408691406,0.11743836849927902,0.0,0.0,0.0,0.0,1.0,0.0,1.0,0.0,0.0,0.0,0.03607971593737602,0.0,1.028092384338379,flip,False,False,,0.0,0.03607971514745781,0.0,0.0,0.9808146995204042,0.09543553112207588,0.979791274324352,5.643046650491053,24.717784593569363,8.97190759356013,35.30394
6,89.75636798226314,0.13799850642681122,0.035876043140888214,-3.9891340732574463,0.9893791675567627,-0.03336626663804054,0.14131687581539154,-0.006711914669722319,8.989133834838867,-1.0050305128097534,-0.09087415784597397,0.6162427067756653,-0.22659578919410706,6.662583827972412,-0.29888245463371277,-0.5421555638313293,-0.8206712603569031,-6.223167419433594,0.19538161158561707,0.0,0.0,0.0,0.0,1.0,0.0,1.0,0.0,0.0,0.0,0.0530458465218544,0.0,1.0108659267425537,flip,False,False,,0.0,0.05304584576632682,0.0,0.0,0.957833404312957,0.14258568414587147,1.1824126345121246,6.673132755935867,6.226233757483791,8.989134070321299,35.30394
7,96.24478950846327,0.19345420598983765,0.037341147661209106,-4.0133843421936035,0.9796457886695862,-0.03630097955465317,0.19718985259532928,-0.009618927724659443,9.013384819030762,-1.174141526222229,0.046140119433403015,0.7239385843276978,-0.5984896421432495,7.498970985412598,-0.02086729370057583,-0.3776147663593292,-0.8178478479385376,26.70840835571289,0.1513945460319519,0.0,0.0,0.0,0.0,1.0,0.0,1.0,0.0,0.0,0.0,0.07214181870222092,0.0,0.9866154789924622,flip,False,False,,0.0,0.07214181876699202,0.0,0.0,0.9195980275296793,0.19702510450436378,1.3801537296895927,7.522844693806491,26.708837377271294,9.013384501621898,35.30394
8,105.1590776885166,0.25321489572525024,0.03472627326846123,-4.045889377593994,0.9653330445289612,-0.035930927842855453,0.2583163380622864,-0.010663461871445179,9.045889854431152,-1.2987831830978394,0.11364033818244934,0.8767620325088501,0.6330205798149109,8.173210144042969,0.2529209852218628,-0.02747325226664543,-0.8158533573150635,9.415666580200195,0.09976179897785187,0.0,0.0,0.0,0.0,0.9999996423721313,0.0,1.0,0.0,0.0,0.0,0.09295472502708435,0.0,0.9541105031967163,flip,False,False,,0.0,0.09295472762336514,0.0,0.0,0.8639622127152818,0.25558499899209836,1.5711344992994358,8.20158819648961,9.416195520813046,9.045889524507338,35.30392737432718
9,110.10668107924151,0.3145454525947571,0.028561238199472427,-4.087795734405518,0.9457951188087463,-0.031562983989715576,0.3230147659778595,-0.011697134003043175,9.08779525756836,-1.3788291215896606,0.1291908621788025,1.0516676902770996,-0.22090889513492584,8.71792984008789,0.3367505967617035,0.18979798257350922,-0.8145790100097656,24.95888900756836,0.06203177943825722,0.0,0.0,0.0,0.0,1.0,0.0,1.0,0.0,0.0,0.0,0.11515475809574127,0.0,0.9122044444084167,flip,False,False,,0.0,0.11515475475435828,0.0,0.0,0.7893314868432223,0.3158394965271072,1.738926355407205,8.727228073741683,24.958966717896114,9.087795580836856,35.30394
10,115.56945529487798,0.37482166290283203,0.02861281856894493,-4.140077590942383,0.9201326966285706,-0.034500569105148315,0.38999414443969727,-0.008372446522116661,9.140077590942383,-1.426293969154358,0.0584474615752697,1.2244433164596558,-0.5245856642723083,9.156861305236816,0.6020955443382263,0.6632341146469116,-0.8137927055358887,16.985334396362305,0.03809893876314163,0.0,0.0,0.0,0.0,1.0,0.0,1.0,0.0,0.0,0.0,0.1384725123643875,0.0,0.8599222898483276,flip,False,False,,0.0,0.13847251100980856,0.0,0.0,0.6934281479963279,0.3759121913932114,1.8806892420676704,9.191616891396052,16.985376963192646,9.140077682650292,35.30394
11,121.26103197725871,0.43175995349884033,0.03063606470823288,-4.201889514923096,0.8882500529289246,-0.03747375309467316,0.4578053653240204,-0.004675239324569702,9.201889038085938,-1.4537630081176758,-0.0784403383731842,1.3794670104980469,-1.125307559967041,9.52015495300293,0.43549713492393494,0.7903949022293091,-0.813317060470581,2.7800562381744385,0.022538311779499054,0.0,0.0,0.0,0.0,1.0,0.0,1.0,0.0,0.0,0.0,0.1627153903245926,0.0,0.7981105446815491,flip,False,False,,0.0,0.16271538643222036,0.0,0.0,0.5780198403353012,0.4328454997073703,2.0056193326330356,9.596318276143732,2.780147541468249,9.201889433812381,35.30394
12,123.01027629808387,0.4829532504081726,0.03974611684679985,-4.272824287414551,0.8496469259262085,-0.04724027216434479,0.5252311825752258,0.0008311684359796345,9.27282428741455,-1.440633773803711,-0.22313548624515533,1.5312803983688354,-2.104067325592041,9.819376945495605,0.23782214522361755,0.7963534593582153,-0.8130390048027039,-1.6100983619689941,0.013037457130849361,0.0,0.0,0.0,0.0,1.0,0.0,1.0,0.0,0.0,0.0,0.18772022426128387,0.0,0.7271758317947388,flip,False,False,,0.0,0.1877202243596711,0.0,0.0,0.443801115470972,0.4845860102962358,2.114245608850208,10.045089412603335,1.6101511484264754,9.272824179282189,35.30394
13,123.97173612847287,0.525722861289978,0.05591946095228195,-4.351985454559326,0.8040660619735718,-0.06395260244607925,0.591020941734314,0.009057917632162571,9.351985931396484,-1.3739666938781738,-0.35817092657089233,1.6804176568984985,-3.036491870880127,10.061726570129395,0.09093961864709854,0.7596637010574341,-0.8128789663314819,-2.488687753677368,0.00748824467882514,0.0,0.0,0.0,0.0,1.0,0.0,1.0,0.0,0.0,0.0,0.21334220468997955,0.0,0.6480144262313843,flip,False,False,,0.0,0.213342201673692,0.0,0.0,0.2932085520571588,0.5286884671028268,2.1999714102390557,10.5103235896178,2.4886989930730827,9.35198557453804,35.30394
14,124.88809931396669,0.5573970079421997,0.07766703516244888,-4.437957286834717,0.751374363899231,-0.08613164722919464,0.6539163589477539,0.020280366763472557,9.437957763671875,-1.2489798069000244,-0.474950909614563,1.8188096284866333,-3.7430872917175293,10.256246566772461,0.0009254314354620874,0.7137171030044556,-0.8127868175506592,-3.4572949409484863,0.004311820957809687,0.0,0.0,0.0,0.0,1.0,0.0,1.0,0.0,0.0,0.0,0.23945951461791992,0.0,0.5620425343513489,flip,False,False,,0.0,0.23945951940729812,0.0,0.0,0.1299494753127834,0.5627820050553233,2.2568999894489434,10.917934789548735,3.4572976519174627,9.43795747948414,35.30394
15,125.90546652506312,0.5756799578666687,0.10276225954294205,-4.528692722320557,0.6916453838348389,-0.11178984493017197,0.712723433971405,0.03398454561829567,9.528693199157715,-1.0658208131790161,-0.5660921931266785,1.9351259469985962,-4.295782089233398,10.411711692810059,-0.05906142294406891,0.6567453742027283,-0.8127337694168091,-3.3288254737854004,0.002519848756492138,0.0,0.0,0.0,0.0,1.0,0.0,1.0,0.0,0.0,0.0,0.26597273349761963,0.0,0.47130706906318665,flip,False,False,,0.0,0.2659727261236782,0.0,0.0,-0.040943395070651735,0.5847798987758684,2.2806022695219186,11.263257886204803,3.3288264456949395,9.528692931537517,35.30394
16,127.14221089614392,0.5787661671638489,0.12940777838230133,-4.621645450592041,0.6250753998756409,-0.13960422575473785,0.766350507736206,0.04998290538787842,9.6216459274292,-0.8300795555114746,-0.6274775862693787,2.017437219619751,-4.759490013122559,10.536523818969727,-0.0678933709859848,0.6209373474121094,-0.8127008080482483,-1.0462052822113037,0.0017040130915120244,0.0,0.0,0.0,0.0,1.0,0.0,1.0,0.0,0.0,0.0,0.2928037643432617,0.0,0.3783543109893799,flip,False,False,,0.0,0.2928037640096049,0.0,0.0,-0.21356483394520534,0.5930570457946027,2.269980886074448,11.561820485380686,1.0462067211150843,9.621645680967667,35.30394
17,128.34410639436274,0.5656909346580505,0.1555090695619583,-4.713817596435547,0.5521033406257629,-0.16798070073127747,0.8138774037361145,0.06758641451597214,9.713817596435547,-0.5520548820495605,-0.6621919274330139,2.0561892986297607,-4.980207443237305,10.638358116149902,-0.05598849430680275,0.6035805940628052,-0.8126775026321411,-1.623156189918518,0.0012346584117040038,0.0,0.0,0.0,0.0,1.0,0.0,1.0,0.0,0.0,0.0,0.31989413499832153,0.0,0.2861822247505188,flip,False,False,,0.0,0.31989412017824087,0.0,0.0,-0.3812279921406206,0.5866764838858346,2.229613783398745,11.746500006466107,1.6231566293330932,9.713817785745581,35.30394
18,129.2164735970066,0.5366424322128296,0.17859071493148804,-4.801986217498779,0.47356554865837097,-0.19541487097740173,0.8545869588851929,0.08502848446369171,9.801986694335938,-0.24140708148479462,-0.6682595610618591,2.042560338973999,-4.778422832489014,10.720701217651367,-0.10081470757722855,0.5442600250244141,-0.8126609325408936,-10.05354118347168,0.0008129715570248663,0.0,0.0,0.0,0.0,0.9999997615814209,0.0,1.0,0.0,0.0,0.0,0.3471941649913788,0.0,0.19801375269889832,flip,False,False,,0.0,0.34719416161051747,0.0,0.0,-0.537012110541404,0.5655791106676237,2.162614314168229,11.73784140025275,10.053541652718048,9.801986241506143,35.303931582884786
19,126.01717129834354,0.4946601092815399,0.19286543130874634,-4.882984161376953,0.39191070199012756,-0.21962672472000122,0.8883140087127686,0.09522787481546402,9.882984161376953,0.08768441528081894,-0.6145574450492859,1.9596236944198608,-3.446897029876709,10.758161544799805,-0.5162168741226196,0.14663808047771454,-0.8015944957733154,-40.24409866333008,1.6799726486206055,0.0,0.0,0.0,0.0,0.9999950528144836,0.0,1.0,0.0,0.0,0.0,0.37458959221839905,0.0,0.11701574176549911,flip,False,False,,0.0,0.3745895952006652,0.0,0.0,-0.6746753704924245,0.5309290992441278,2.0556007455391785,11.308652419786133,40.27914826647852,9.882984258749119,35.30376534485936
20,125.67652665911824,0.4442993998527527,0.19302941858768463,-4.954347133636475,0.31014207005500793,-0.2413930594921112,0.9149262309074402,0.09193070977926254,9.954347610473633,0.358620285987854,-0.4145381450653076,1.8060578107833862,-2.5717101097106934,10.733553886413574,-1.1743578910827637,-0.6772342324256897,-0.7786116600036621,-40.28268051147461,0.5372574925422668,0.0,0.0,0.0,0.0,0.9998342990875244,0.0,1.0,0.0,0.0,0.0,0.4019223749637604,0.0,0.0456528402864933,flip,False,False,,0.0,0.40192236617924865,0.0,0.0,-0.7907214530874855,0.48441955943313714,1.8874044055581938,11.099639280750402,40.28626357149338,9.954347160350927,35.298090104928015
21,111.81746335815353,0.3883190155029297,0.1911209225654602,-5.012156009674072,0.23145754635334015,-0.2635621726512909,0.9318339228630066,0.09299425035715103,10.012155532836914,0.3896203339099884,-0.35073596239089966,1.655322790145874,-3.3326122760772705,9.097817420959473,-0.9106356501579285,-0.9665818214416504,-0.7774375677108765,-4.299544334411621,-0.18709644675254822,0.0,0.0,0.0,0.0,0.19997841119766235,0.0,1.0,0.0,0.0,0.0,0.4250897765159607,0.0,-0.012155983597040176,flip,False,False,,0.0,0.42508976695468736,0.0,0.0,-0.8755591711330337,0.4328034984278357,1.736350536107751,9.731692353122153,4.3036130095449305,10.012155983988478,7.060025830217599
22,109.3402426412842,0.3339926302433014,0.18372704088687897,-5.057438850402832,0.15944169461727142,-0.27951326966285706,0.9422804117202759,0.09251140058040619,10.057438850402832,0.4720841944217682,-0.13747353851795197,1.494935154914856,-1.9396696090698242,8.716363906860352,-0.4589311182498932,-0.9609298706054688,-0.7703014016151428,2.9248485565185547,1.4220958948135376,0.0,0.0,0.0,0.0,0.6692042946815491,0.0,1.0,0.0,0.0,0.0,0.44728580117225647,0.0,-0.05743895098567009,flip,False,False,,0.0,0.4472858063794065,0.0,0.0,-0.9320400980663239,0.38119116127512537,1.5737196648850684,8.941361336793626,3.2522447732665727,10.057438950839671,23.625548267179727
23,108.78756671340895,0.2827191948890686,0.16440726816654205,-5.093277454376221,0.09193211048841476,-0.28923436999320984,0.9493401646614075,0.08151807636022568,10.093277931213379,0.549841046333313,0.088551826775074,1.303344488143921,-0.4490030109882355,8.480982780456543,-0.2131028175354004,-0.9071412086486816,-0.7501677870750427,3.3327250480651855,0.6796987056732178,0.0,0.0,0.0,0.0,0.7072591781616211,0.0,1.0,0.0,0.0,0.0,0.4688824415206909,0.0,-0.09327765554189682,flip,False,False,,0.0,0.46888245102044507,0.0,0.0,-0.9698065973573904,0.3270472463517393,1.4173473334184417,8.495533003065955,3.401330018850598,10.093277653029347,24.96903559026718
24,96.52931615186611,0.23636728525161743,0.139243021607399,-5.119770526885986,0.031687039881944656,-0.29498565196990967,0.952766478061676,0.06492668390274048,10.119771003723145,0.5701538920402527,0.14828726649284363,1.1301178932189941,-0.04288114979863167,7.261305809020996,-0.06197446957230568,-0.8589906692504883,-0.7336682081222534,2.583556652069092,1.8029298782348633,0.0,0.0,0.0,0.0,0.1866506040096283,0.0,1.0,0.0,0.0,0.0,0.4873732030391693,0.0,-0.11977057158946991,flip,False,False,,0.0,0.48737321485321505,0.0,0.0,-0.9895609268624618,0.274332125237622,1.2744532126424786,7.261697055102915,3.1504478672208087,10.11977057035407,6.589501724919677
25,91.36354276005432,0.19518296420574188,0.11162108927965164,-5.13801383972168,-0.021038943901658058,-0.2983977198600769,0.9531156420707703,0.04568062722682953,10.13801383972168,0.6072417497634888,0.29075247049331665,0.9084272384643555,0.6774982213973999,6.79678201675415,-0.020924581214785576,-0.8148391246795654,-0.7100635170936584,3.2383487224578857,0.5135015249252319,0.0,0.0,0.0,0.0,0.4680444300174713,0.0,1.0,0.0,0.0,0.0,0.5046810507774353,0.0,-0.1380140483379364,flip,False,False,,0.0,0.5046810779964492,0.0,0.0,-0.9949413466031918,0.22484585798640355,1.130716408123856,6.830496814832673,3.27880874802675,10.13801404584984,16.523812474671004
26,83.98631212765639,0.15804526209831238,0.08123315870761871,-5.148935317993164,-0.06825605034828186,-0.30058637261390686,0.9510119557380676,0.02377505414187908,10.148935317993164,0.6286390423774719,0.3855377733707428,0.6938926577568054,0.9919944405555725,6.150785446166992,0.0108661949634552,-0.7518190145492554,-0.720150887966156,4.61501932144165,-1.3124722242355347,0.0,0.0,0.0,0.0,0.3268463611602783,0.0,1.0,0.0,0.0,0.0,0.5203438997268677,0.0,-0.14893528819084167,flip,False,False,,0.0,0.5203439249160301,0.0,0.0,-0.9895517857237274,0.17769955820134892,1.0125776249435923,6.2302756382294,4.798019221314041,10.148935285144958,11.538964323620796
27,78.94603709937032,0.1243506446480751,0.04908087104558945,-5.153043270111084,-0.11086052656173706,-0.301788330078125,0.9469074010848999,0.0002945943269878626,10.153042793273926,0.6538178324699402,0.5012453198432922,0.4442506432533264,1.3290307521820068,5.838379383087158,0.057159870862960815,-0.667618453502655,-0.7453337907791138,6.608566761016846,-1.5957344770431519,0.0,0.0,0.0,0.0,0.4366551637649536,0.0,1.0,0.0,0.0,0.0,0.5352112650871277,0.0,-0.15304319560527802,flip,False,False,,0.0,0.5352112357790996,0.0,0.0,-0.9754199853980414,0.1336862549927924,0.9359931718337977,5.988009955004499,6.798494205445829,10.153043193368147,15.415647702248096
28,77.28878332286915,0.09083130955696106,0.015615539625287056,-5.1493754386901855,-0.15297219157218933,-0.3014566898345947,0.9408602118492126,-0.02248239330947399,10.149375915527344,0.6899928450584412,0.6493651866912842,0.1224440187215805,0.7273775339126587,6.020299434661865,0.2326148897409439,-0.371719628572464,-0.7680190801620483,32.8634033203125,-1.2034626007080078,0.0,0.0,0.0,0.0,0.6520902514457703,0.0,1.0,0.0,0.0,0.0,0.5505418181419373,0.0,-0.1493755429983139,flip,False,False,,0.0,0.5505418018999848,0.0,0.0,-0.9521888922141464,0.09216383226518514,0.9553835900561329,6.068541069526198,32.88543329947678,10.149375537570116,23.021355111626384
29,80.76750910221796,0.05202361196279526,-0.016961829736828804,-5.134915828704834,-0.20072810351848602,-0.29683157801628113,0.9327335953712463,-0.04009029641747475,10.134915351867676,0.7856705784797668,0.7594102621078491,-0.3379579782485962,-0.5215998888015747,6.857618808746338,0.668860137462616,0.4048483669757843,-0.7843679785728455,63.7263069152832,-0.8370506763458252,0.0,0.0,0.0,0.0,0.9927905797958374,0.0,1.0,0.0,0.0,0.0,0.5680046081542969,0.0,-0.1349157691001892,flip,False,False,,0.0,0.568004585127569,0.0,0.0,-0.9162027551671821,0.05471891743506127,1.1437647570461627,6.9098753832643425,63.731805926626656,10.134915772221934,35.049419061677455
30,92.4743611148425,0.009349798783659935,-0.05186765640974045,-5.107545375823975,-0.2532063126564026,-0.28906869888305664,0.9211984872817993,-0.06098512187600136,10.107545852661133,0.9811505079269409,0.7170965671539307,-0.772728443145752,0.5890053510665894,7.576638698577881,0.687705934047699,0.8983498215675354,-0.7953207492828369,8.024624824523926,-0.5440388321876526,0.0,0.0,0.0,0.0,0.9987979531288147,0.0,1.0,0.0,0.0,0.0,0.5872983336448669,0.0,-0.10754558444023132,flip,False,False,,0.0,0.5872983376309775,0.0,0.0,-0.8643345065431182,0.05270363049581633,1.4401364697881043,7.630551988035552,8.043045981668975,10.107545582196858,35.26150300938249
31,97.7068976059769,-0.03802524507045746,-0.08487313985824585,-5.066983699798584,-0.31029799580574036,-0.280987024307251,0.9045348167419434,-0.08110609650611877,10.066983222961426,1.1855934858322144,0.6386603713035583,-1.1910585165023804,-0.4527452886104584,8.199274063110352,0.34512361884117126,0.8811569213867188,-0.8022417426109314,-6.683063983917236,-0.3354143500328064,0.0,0.0,0.0,0.0,0.9989347457885742,0.0,1.0,0.0,0.0,0.0,0.6081776022911072,0.0,-0.06698351353406906,flip,False,False,,0.0,0.6081776181724439,0.0,0.0,-0.794273845547732,0.09300198630163763,1.7978151377485432,8.219013783122112,6.691475732951299,10.066983513031245,35.26633232923508
32,100.39855572884075,-0.09143135696649551,-0.10985145717859268,-5.012510776519775,-0.3732261061668396,-0.27044937014579773,0.88264000415802,-0.09222807735204697,10.012510299682617,1.3456281423568726,0.5480197668075562,-1.6341726779937744,-1.8156672716140747,8.722742080688477,0.08471105992794037,0.7645974159240723,-0.806455135345459,-6.423830032348633,-0.2017572820186615,0.0,0.0,0.0,0.0,0.9995771646499634,0.0,1.0,0.0,0.0,0.0,0.630389928817749,0.0,-0.012510553002357483,flip,False,False,,0.0,0.6303898995743076,0.0,0.0,-0.7043925499824251,0.14292318402212686,2.1866780831151194,8.91011001462316,6.426997654567076,10.012510552835938,35.289012246172426
33,102.806125068714,-0.1480553150177002,-0.1256587654352188,-4.943511009216309,-0.4404914379119873,-0.2556770443916321,0.8553848266601562,-0.09441041201353073,9.943511009216309,1.4478931427001953,0.44618192315101624,-2.09936261177063,-2.9487650394439697,9.154349327087402,-0.015923958271741867,0.6943553686141968,-0.8089722990989685,-2.290048599243164,-0.11972130835056305,0.0,0.0,0.0,0.0,0.9999932050704956,0.0,1.0,0.0,0.0,0.0,0.6537012457847595,0.0,0.05648912116885185,flip,False,False,,0.0,0.6537012593714092,0.0,0.0,-0.5941079866436827,0.19419192373241453,2.5889760018333217,9.617566517665876,2.293175895900707,9.943510877864535,35.30370011221647
34,104.46814726275753,-0.20375359058380127,-0.1328209489583969,-4.859936237335205,-0.509761393070221,-0.23622453212738037,0.8223025798797607,-0.09033160656690598,9.859936714172363,1.4949883222579956,0.32965242862701416,-2.572843551635742,-3.654510259628296,9.50849437713623,-0.03416645526885986,0.6678352355957031,-0.8104530572891235,-1.773830533027649,-0.06987100839614868,0.0,0.0,0.0,0.0,0.9999507665634155,0.0,1.0,0.0,0.0,0.0,0.6779144406318665,0.0,0.1400635987520218,flip,False,False,,0.0,0.6779144416623578,0.0,0.0,-0.4639670366180038,0.24322197042716107,2.9938579245869974,10.186661846005254,1.7752061156951067,9.85993639989354,35.302201865708824
35,105.30921402134568,-0.2544403076171875,-0.13216914236545563,-4.762631893157959,-0.5787721872329712,-0.21291834115982056,0.7828710079193115,-0.08247114717960358,9.7626314163208,1.484336018562317,0.1992747038602829,-3.0425450801849365,-4.0987324714660645,9.774272918701172,-0.07684904336929321,0.6271197199821472,-0.80026775598526,-3.373978853225708,1.6381181478500366,0.0,0.0,0.0,0.0,0.9955674409866333,0.0,1.0,0.0,0.0,0.0,0.702804446220398,0.0,0.23736828565597534,flip,False,False,,0.0,0.7028044235305823,0.0,0.0,-0.3164423330814206,0.2867203494493438,3.391171467209049,10.599147413225456,3.7506218557576516,9.762631717613413,35.14745320254564
36,102.01265792574081,-0.29612448811531067,-0.12555284798145294,-4.654096603393555,-0.6447957754135132,-0.18822091817855835,0.7371708154678345,-0.07341983914375305,9.654096603393555,1.408855676651001,0.06546107679605484,-3.475978374481201,-3.5714831352233887,9.795621871948242,-0.22829453647136688,0.4641677141189575,-0.7557064890861511,-22.39069175720215,3.852562427520752,0.0,0.0,0.0,0.0,0.9275369644165039,0.0,1.0,0.0,0.0,0.0,0.7277487516403198,0.0,0.3459034860134125,flip,False,False,,0.0,0.7277487704153824,0.0,0.0,-0.1576938059809624,0.32164147389233183,3.7512111661769865,10.42889364987226,22.719711800883843,9.654096521435095,32.74570933954239
37,90.17116204294022,-0.32466939091682434,-0.11959899216890335,-4.5397515296936035,-0.7036995887756348,-0.17001426219940186,0.6864487528800964,-0.06848423182964325,9.539751052856445,1.2638461589813232,-0.012725322507321835,-3.821922540664673,-2.022804021835327,9.364130973815918,-0.6986420750617981,-0.14559690654277802,-0.7021002173423767,-53.559505462646484,2.1384904384613037,0.0,0.0,0.0,0.0,0.7409689426422119,0.0,1.0,0.0,0.0,0.0,0.7515943646430969,0.0,0.46024850010871887,flip,False,False,,0.0,0.7515943351977986,0.0,0.0,-0.00023134619365207908,0.3459973068438881,4.025489010806677,9.60556056801862,53.60218025798881,9.539751501217497,26.15912309290409
38,91.351466739722,-0.3404161036014557,-0.11459187418222427,-4.422301769256592,-0.7559163570404053,-0.15739475190639496,0.6322252154350281,-0.06409896165132523,9.42230224609375,1.0226402282714844,0.04576463997364044,-4.138056755065918,-2.4565117359161377,9.184847831726074,-0.9564892053604126,-0.7754659652709961,-0.6948366165161133,-15.16895580291748,-1.1766875982284546,0.0,0.0,0.0,0.0,0.8702633380889893,0.0,1.0,0.0,0.0,0.0,0.7749833464622498,0.0,0.5776981115341187,flip,False,False,,0.0,0.7749833577077386,0.0,0.0,0.1510350508800416,0.3591857863036724,4.262792805756065,9.555665736060964,15.214526171222444,9.422301897434538,30.72372467209339
39,74.63328118175605,-0.34869688749313354,-0.10493884980678558,-4.30661678314209,-0.8000936508178711,-0.1401711255311966,0.5805618762969971,-0.05612583085894585,9.30661678314209,1.004852056503296,0.05780840665102005,-4.306626796722412,-2.7808618545532227,7.589627742767334,-0.5587666034698486,-0.8218570947647095,-0.7248343825340271,5.383760452270508,-2.1114847660064697,0.0,0.0,0.0,0.0,0.06833904981613159,0.0,1.0,0.0,0.0,0.0,0.7943102121353149,0.0,0.6933832764625549,flip,False,False,,0.0,0.7943101861368228,0.0,0.0,0.28659881218514915,0.36414513558567446,4.422680658487349,8.102336826808916,5.783013407283059,9.306616734864937,2.4126377143657205
40,56.373051200262886,-0.3537304997444153,-0.09202516824007034,-4.1970109939575195,-0.8344953060150146,-0.1190667673945427,0.5358588695526123,-0.04791628196835518,9.19701099395752,0.9699264168739319,0.07471869140863419,-4.478621006011963,-3.283149242401123,6.40144157409668,-0.07069157809019089,-0.5240859389305115,-0.7555245161056519,33.51423263549805,-1.6545002460479736,0.0,0.0,0.0,0.0,0.11783376336097717,0.0,1.0,0.0,0.0,0.0,0.8106113076210022,0.0,0.8029887676239014,flip,False,False,,0.0,0.8106113231979444,0.0,0.0,0.39735443018019784,0.36550498032573003,4.583054178550795,7.194617398940906,33.555045180919,9.197011227122124,4.159996111670136
41,47.8577190721604,-0.35680824518203735,-0.07936222106218338,-4.092629432678223,-0.8608963489532471,-0.09803073108196259,0.4974334239959717,-0.0425146110355854,9.092629432678223,0.9582919478416443,0.07234781980514526,-4.639620304107666,-1.8749829530715942,5.283315658569336,0.23003815114498138,-0.07234419137239456,-0.7774185538291931,15.420876502990723,-1.097470760345459,0.0,0.0,0.0,0.0,0.03567120432853699,0.0,1.0,0.0,0.0,0.0,0.8240651488304138,0.0,0.9073706269264221,flip,False,False,,0.0,0.8240651762002462,0.0,0.0,0.48590176467648305,0.3655276873312817,4.738104657475909,5.610873675017567,15.459879539765394,9.092629358926752,1.2593340573424099
42,34.647723364312355,-0.35916873812675476,-0.07056018710136414,-3.992799997329712,-0.8806626200675964,-0.08250122517347336,0.4647369086742401,-0.040577154606580734,8.992799758911133,0.9469494819641113,0.07174216955900192,-4.798061847686768,-2.1647088527679443,4.363103866577148,0.2817084491252899,0.2369287759065628,-0.7914175987243652,30.4663143157959,-0.6797441244125366,0.0,0.0,0.0,0.0,0.03038942813873291,0.0,1.0,0.0,0.0,0.0,0.8351757526397705,0.0,1.007200002670288,flip,False,False,,0.0,0.8351757286701781,0.0,0.0,0.55442472538045,0.36603404399902184,4.891140891193801,4.878729157709121,30.473895822120863,8.992799953102116,1.0728665476441384
43,29.907957494740387,-0.3623398244380951,-0.06252320110797882,-3.8957483768463135,-0.8958096504211426,-0.06860318034887314,0.4373522102832794,-0.039264701306819916,8.895748138427734,0.9437795877456665,0.06734133511781693,-4.954413414001465,-0.8693758845329285,3.567293167114258,0.29238319396972656,0.6025427579879761,-0.7999132871627808,9.342063903808594,-0.40495234727859497,0.0,0.0,0.0,0.0,0.0073409974575042725,0.0,1.0,0.0,0.0,0.0,0.8442597389221191,0.0,1.1042516231536865,flip,False,False,,0.0,0.844259766348213,0.0,0.0,0.6080336676470615,0.367694586037089,5.043953568778282,3.6833250566422056,9.350836293122997,8.895748396417316,0.25916613377988335
44,24.187334539772735,-0.36609894037246704,-0.06020112335681915,-3.800717830657959,-0.9070767760276794,-0.06284302473068237,0.41424641013145447,-0.040772970765829086,8.800718307495117,0.9371830224990845,0.06277544051408768,-5.110728740692139,-0.37131819128990173,2.943427801132202,0.17303720116615295,0.65754634141922,-0.8047888278961182,0.45958176255226135,-0.2241300642490387,0.0,0.0,0.0,0.0,0.01846921443939209,0.0,1.0,0.0,0.0,0.0,0.8517551422119141,0.0,1.1992820501327515,flip,False,False,,0.0,0.8517551437939554,0.0,0.0,0.6489013977865001,0.37101565075679827,5.196325823957574,2.971798533581315,0.5113214966446714,8.800717938699018,0.6520360384154319
45,18.620538873941246,-0.37089306116104126,-0.05889694765210152,-3.706104040145874,-0.9159696102142334,-0.0591488741338253,0.3946385383605957,-0.04197066277265549,8.706104278564453,0.9220033884048462,0.05395675450563431,-5.268203258514404,-0.3031083047389984,2.4961516857147217,0.09005514532327652,0.6507506966590881,-0.8069105744361877,-0.89638352394104,-0.07084548473358154,0.0,0.0,0.0,0.0,0.0481874942779541,0.0,1.0,0.0,0.0,0.0,0.858111560344696,0.0,1.293895959854126,flip,False,False,,0.0,0.8581115418565608,0.0,0.0,0.6815237020813124,0.3755402904178452,5.348548042768105,2.5160997173658846,0.8991787827014475,8.706104082500373,1.7012084067392348
46,17.004140390934932,-0.3756575584411621,-0.056972842663526535,-3.6103508472442627,-0.9237146973609924,-0.05544204264879227,0.37666329741477966,-0.04245058447122574,8.610350608825684,0.8642957210540771,0.01977449841797352,-5.43227481842041,-0.4111269414424896,2.432797431945801,0.04149577394127846,0.6256981492042542,-0.8073311448097229,-2.4178783893585205,0.0006671427399851382,0.0,0.0,0.0,0.0,0.1949584186077118,0.0,1.0,0.0,0.0,0.0,0.864306628704071,0.0,1.3896491527557373,flip,False,False,,0.0,0.8643066093736294,0.0,0.0,0.7101019094915159,0.37995330460203086,5.50063713065657,2.467640592648696,2.4178784526433037,8.610350834578904,6.88280031302154
47,15.442241318116412,-0.37907442450523376,-0.054310064762830734,-3.512437582015991,-0.9310711026191711,-0.0517730750143528,0.3586283326148987,-0.04256569966673851,8.51243782043457,0.7935235500335693,-0.02098512090742588,-5.594260215759277,-0.10196449607610703,2.4644412994384766,-0.0013900860212743282,0.5371835231781006,-0.8078300356864929,-13.911096572875977,-0.04641219228506088,0.0,0.0,0.0,0.0,0.2352893352508545,0.0,1.0,0.0,0.0,0.0,0.8705822825431824,0.0,1.4875624179840088,flip,False,False,,0.0,0.8705822578003279,0.0,0.0,0.737411384377211,0.38294516184423605,5.650298097511583,2.466550217943273,13.91117370959765,8.512437525332425,8.30664057433605
48,11.195236496223089,-0.37986311316490173,-0.05536257103085518,-3.4123504161834717,-0.9380151629447937,-0.05422505363821983,0.3394373059272766,-0.044379815459251404,8.41235065460205,0.697977602481842,-0.061144616454839706,-5.748477458953857,0.9667108654975891,2.617414951324463,-0.1286337822675705,0.07055364549160004,-0.8084142804145813,-44.63329315185547,-0.028025057166814804,0.0,0.0,0.0,0.0,0.2979333698749542,0.0,1.0,0.0,0.0,0.0,0.8772474527359009,0.0,1.5876497030258179,flip,False,False,,0.0,0.8772474499847269,0.0,0.0,0.7636850796626492,0.38387627179183,5.791019076444697,2.7931947703836855,44.633303594217104,8.412350297104158,10.51822181406319
49,11.491553693776822,-0.37934261560440063,-0.05721701681613922,-3.310626268386841,-0.9443450570106506,-0.0585058219730854,0.3204667866230011,-0.045722704380750656,8.310626029968262,0.6600955724716187,-0.05707550048828125,-5.89876651763916,-0.12667065858840942,2.3475608825683594,-0.22015970945358276,-0.5468576550483704,-0.8090183138847351,-22.258771896362305,-0.04003802686929703,0.0,0.0,0.0,0.0,0.10669201612472534,0.0,1.0,0.0,0.0,0.0,0.8832254409790039,0.0,1.6893736124038696,flip,False,False,,0.0,0.8832254644787596,0.0,0.0,0.7877555444990317,0.38363342873125156,5.935859683046996,2.361261839208412,22.258807661133638,8.310626335414643,3.7666485357463357
50,13.112585392628958,-0.3786403238773346,-0.05227024108171463,-3.206637382507324,-0.9506977200508118,-0.05327356979250908,0.3023514747619629,-0.043810226023197174,8.206637382507324,0.5700839161872864,-0.027156420052051544,-6.046706676483154,-1.0799845457077026,2.4663119316101074,-0.1372881978750229,-0.6464328765869141,-0.8099139332771301,9.197864532470703,-0.06036188825964928,0.0,0.0,0.0,0.0,0.2707197666168213,0.0,1.0,0.0,0.0,0.0,0.8895058631896973,0.0,1.7933626174926758,flip,False,False,,0.0,0.8895058760514686,0.0,0.0,0.8114898582558218,0.38223118664948785,6.073581506077353,2.695905955066127,9.198062240696643,8.206637358533882,9.55747439745426
51,5.676781363073592,-0.3770509362220764,-0.04230428487062454,-3.1004321575164795,-0.9569519758224487,-0.04047026112675667,0.2845335006713867,-0.040568262338638306,8.100432395935059,0.5149537324905396,-0.011872406117618084,-6.1932830810546875,-2.0618674755096436,2.34226393699646,0.03187638148665428,-0.23470184206962585,-0.8103910088539124,41.798309326171875,-0.010862991213798523,0.0,0.0,0.0,0.0,0.16227981448173523,0.0,1.0,0.0,0.0,0.0,0.895470380783081,0.0,1.89956796169281,flip,False,False,,0.0,0.895470402110265,0.0,0.0,0.8348048075802078,0.379416732038982,6.214665949994226,3.1206592119863066,41.798309356830636,8.100432092086526,5.729116833674311
52,2.1450817680772545,-0.3757166564464569,-0.027937885373830795,-2.992974042892456,-0.9623766541481018,-0.021250994876027107,0.26837441325187683,-0.036807332187891006,7.992973804473877,0.48576751351356506,-0.018074486404657364,-6.340985298156738,-1.7562311887741089,2.0733683109283447,0.19259308278560638,0.6322824954986572,-0.7993852496147156,45.339324951171875,1.6810837984085083,0.0,0.0,0.0,0.0,0.08603551983833313,0.0,1.0,0.0,0.0,0.0,0.9007502198219299,0.0,2.007025957107544,flip,False,False,,0.0,0.9007501913518217,0.0,0.0,0.8550475484926741,0.3767539256421129,6.359590338021328,2.7240221360766004,45.37047948494612,7.992974001200588,3.0373928302413225
53,1.0029449808808617,-0.37442490458488464,-0.023923706263303757,-2.884819269180298,-0.9663615822792053,-0.016286049038171768,0.25395259261131287,-0.03725815191864967,7.884819030761719,0.479247123003006,-0.027790658175945282,-6.493305206298828,0.22668366134166718,1.7233250141143799,0.12425094097852707,0.9483755230903625,-0.7542579174041748,3.2291083335876465,3.885394334793091,0.0,0.0,0.0,0.0,0.020895063877105713,0.0,1.0,0.0,0.0,0.0,0.9051386117935181,0.0,2.115180730819702,flip,False,False,,0.0,0.9051386024182612,0.0,0.0,0.8704857950194377,0.37518841038345274,6.511026123847453,1.7426051824163988,5.052071836072406,7.884819199555383,0.7376780814135074
54,-5.7477376353441985,-0.37372714281082153,-0.025153499096632004,-2.7753381729125977,-0.9694814085960388,-0.01891874149441719,0.2413148432970047,-0.038923345506191254,7.775338172912598,0.4621855318546295,-0.04325639456510544,-6.644175052642822,0.49609825015068054,1.5154452323913574,0.040453895926475525,0.8955702185630798,-0.6780950427055359,-7.2897114753723145,5.420691967010498,0.0,0.0,0.0,0.0,0.0635547935962677,0.0,1.0,0.0,0.0,0.0,0.908997654914856,0.0,2.2246618270874023,flip,False,False,,0.0,0.9089976520318572,0.0,0.0,0.8828185200489074,0.37457266332801076,6.660371675936311,1.5950938115191295,9.08426060458971,7.775338220528572,2.2437346198350188
55,-11.195204012079172,-0.3734951615333557,-0.02654874697327614,-2.664156675338745,-0.9721002578735352,-0.0222019013017416,0.2299969494342804,-0.04036783427000046,7.664156913757324,0.44338440895080566,-0.060267288237810135,-6.791463375091553,0.6522873640060425,1.366758108139038,0.03899189457297325,0.7396531105041504,-0.6070286631584167,-15.931730270385742,2.8750128746032715,0.0,0.0,0.0,0.0,0.07236149907112122,0.0,1.0,0.0,0.0,0.0,0.9124780893325806,0.0,2.335843324661255,flip,False,False,,0.0,0.912478072956394,0.0,0.0,0.8932172013903015,0.3744375351858061,6.806187967910647,1.5149346195452644,16.189061604695272,7.664156679710758,2.554646021516919
56,-11.93926825547226,-0.37329673767089844,-0.02731063775718212,-2.551100015640259,-0.9744197130203247,-0.0250441525131464,0.21941342949867249,-0.04167411848902702,7.551100254058838,0.4125834107398987,-0.08204088360071182,-6.929503440856934,0.22140081226825714,1.3187086582183838,0.028497446328401566,0.5117306709289551,-0.5912359356880188,-12.308212280273438,-0.8046230673789978,0.0,0.0,0.0,0.0,0.11676925420761108,0.0,1.0,0.0,0.0,0.0,0.9158361554145813,0.0,2.448899984359741,flip,False,False,,0.0,0.9158361368761307,0.0,0.0,0.9024610077974619,0.3742944370191234,6.942260039255545,1.3374688186707904,12.334484721484264,7.551100042923224,4.122414744390249
57,-14.532889642062345,-0.37223613262176514,-0.0281443502753973,-2.4361002445220947,-0.9766307473182678,-0.02863999828696251,0.2086450308561325,-0.042888108640909195,7.436100006103516,0.36075589060783386,-0.11017655581235886,-7.052605628967285,0.9824607968330383,1.394491195678711,-0.03608928620815277,0.15844106674194336,-0.6277947425842285,-35.51197052001953,-3.446690797805786,0.0,0.0,0.0,0.0,0.18735957145690918,0.0,1.0,0.0,0.0,0.0,0.91938716173172,0.0,2.5638997554779053,flip,False,False,,0.0,0.9193871794763414,0.0,0.0,0.9112945341389181,0.37329859985482233,7.062685798692068,1.7062055019506497,35.678840144429905,7.436100136361754,6.614531069140433
58,4.085405152908097,-0.3674263656139374,-0.02917349524796009,-2.319024085998535,-0.9792883992195129,-0.03321818262338638,0.19489504396915436,-0.04366540163755417,7.319024085998535,0.20236775279045105,-0.11592808365821838,-7.115633964538574,0.11034651845693588,2.0447466373443604,-0.1243252158164978,-0.3208566904067993,-0.6832694411277771,-16.995534896850586,-3.1964046955108643,0.0,0.0,0.0,0.0,0.5295401811599731,0.0,1.0,0.0,0.0,0.0,0.9245941042900085,0.0,2.680975914001465,flip,False,False,,0.0,0.9245940841599989,0.0,0.0,0.9218242575974053,0.3685827388770279,7.119454993691228,2.0514926588845728,17.293502280291815,7.319024092463018,18.69485478326082
59,-2.6273311519024882,-0.3606543242931366,-0.026592344045639038,-2.2000527381896973,-0.9821487665176392,-0.03277742117643356,0.18010428547859192,-0.043264809995889664,7.200052738189697,0.18797586858272552,-0.11162131279706955,-7.261042594909668,-0.2676931619644165,1.7272309064865112,-0.09576616436243057,-0.5510403513908386,-0.7155860662460327,-7.741954803466797,-0.5407617688179016,0.0,0.0,0.0,0.0,0.04379698634147644,0.0,1.0,0.0,0.0,0.0,0.9289924502372742,0.0,2.7999472618103027,flip,False,False,,0.0,0.9289924415049604,0.0,0.0,0.9329760696218912,0.3616333720860909,7.264332963613513,1.7504734601543466,7.760817447536591,7.200052644337193,1.5462061779803036
60,-4.756988227804615,-0.3545812964439392,-0.022341929376125336,-2.079434871673584,-0.9845867156982422,-0.02966979146003723,0.1669807881116867,-0.042732931673526764,7.079434871673584,0.1475483924150467,-0.09671922773122787,-7.394620418548584,-0.2989247143268585,1.6375001668930054,-0.03239443153142929,-0.6098282337188721,-0.6991453766822815,-1.7038062810897827,2.4774045944213867,0.0,0.0,0.0,0.0,0.13361746072769165,0.0,1.0,0.0,0.0,0.0,0.933162271976471,0.0,2.920565128326416,flip,False,False,,0.0,0.9331623015842537,0.0,0.0,0.9424742690195714,0.35528447346608955,7.396724827076771,1.664876081049703,3.0067405892376127,7.079434835174402,4.717222816482782
61,-10.797135293069662,-0.34879496693611145,-0.018869608640670776,-1.9571486711502075,-0.9866014122962952,-0.027319280430674553,0.15507857501506805,-0.0426841601729393,6.957148551940918,0.13259533047676086,-0.09087294340133667,-7.538881301879883,-0.16554246842861176,1.4011174440383911,0.02049175836145878,-0.6383243203163147,-0.6387543678283691,-2.0287482738494873,6.189317226409912,0.0,0.0,0.0,0.0,0.049479126930236816,0.0,1.0,0.0,0.0,0.0,0.9367302060127258,0.0,3.042851209640503,flip,False,False,,0.0,0.9367302177625605,0.0,0.0,0.9504088880512839,0.34930501936327557,7.540595044833012,1.4110117683621308,6.5133300316698985,6.957148715999489,1.7468081283974646
62,-17.305379979257147,-0.34384647011756897,-0.01630207523703575,-1.8332133293151855,-0.9881349802017212,-0.025861363857984543,0.14497032761573792,-0.043635718524456024,6.8332133293151855,0.11161214858293533,-0.07946135848760605,-7.676278114318848,-0.05928441509604454,1.1996911764144897,0.11666224151849747,-0.6624341011047363,-0.41158750653266907,-0.9930577874183655,17.725257873535156,0.0,0.0,0.0,0.0,0.07890930771827698,0.0,1.0,0.0,0.0,0.0,0.9397851824760437,0.0,3.1667866706848145,flip,False,False,,0.0,0.9397852063418335,0.0,0.0,0.9566296449604087,0.34423269527412076,7.677500501052656,1.2068072417532782,17.75305367702262,6.8332133372096235,2.785809465127587
63,-19.0882926056252,-0.3393050730228424,-0.01418505422770977,-1.7073744535446167,-0.9894677996635437,-0.024994075298309326,0.13579440116882324,-0.043459076434373856,6.707374572753906,0.10575710237026215,-0.07435866445302963,-7.820880889892578,-0.06453703343868256,1.1450742483139038,-0.21884678304195404,-0.6650069952011108,-0.3061712980270386,0.5707567930221558,-8.233003616333008,0.0,0.0,0.0,0.0,0.02858087420463562,0.0,1.0,0.0,0.0,0.0,0.9427011013031006,0.0,3.2926254272460938,flip,False,False,,0.0,0.9427011140760116,0.0,0.0,0.9618697268459032,0.33960146246763784,7.821949480825873,1.167584717473852,8.252763906411904,6.707374509971076,1.0090174680680035
64,-20.48867133608851,-0.33462968468666077,-0.013449075631797314,-1.5797646045684814,-0.9906316995620728,-0.025680646300315857,0.12703239917755127,-0.04303599148988724,6.5797648429870605,0.06736516207456589,-0.04224357753992081,-7.929309844970703,0.3094072937965393,1.0204901695251465,0.09002421051263809,-0.6628457307815552,-0.35303330421447754,-0.6573161482810974,9.623383522033691,0.0,0.0,0.0,0.0,0.19053751230239868,0.0,1.0,0.0,0.0,0.0,0.9452997446060181,0.0,3.4202353954315186,flip,False,False,,0.0,0.9452997708562763,0.0,0.0,0.9664071218645515,0.3348998357026583,7.929708592076897,1.070157627459743,9.645805994856588,6.579764624056768,6.726724902073144
65,-24.39526393110614,-0.3301226496696472,-0.014139462262392044,-1.4504845142364502,-0.9915279150009155,-0.027785176411271095,0.11918831616640091,-0.04352584481239319,6.450484275817871,0.058824144303798676,-0.033835478127002716,-8.069153785705566,0.284280002117157,0.971943199634552,-0.16539569199085236,-0.6689491271972656,-0.2889532744884491,0.4084811508655548,-8.69015121459961,0.0,0.0,0.0,0.0,0.046406567096710205,0.0,1.0,0.0,0.0,0.0,0.9477748274803162,0.0,3.54951548576355,flip,False,False,,0.0,0.9477748039178119,0.0,0.0,0.9700437147952621,0.3304253264644951,8.069438798321467,1.0260820914069717,8.699746720975899,6.450484458313745,1.6383346603882312
66,-15.567188734610006,-0.3241890072822571,-0.017227349802851677,-1.3198236227035522,-0.9923769235610962,-0.032344453036785126,0.11051268875598907,-0.04391865059733391,6.319823741912842,-0.028098275884985924,0.044742245227098465,-8.111278533935547,0.9356061220169067,1.1276216506958008,0.1227097138762474,-0.6474575400352478,-0.3389242887496948,1.8594897985458374,9.531977653503418,0.0,0.0,0.0,0.0,0.4644489884376526,0.0,1.0,0.0,0.0,0.0,0.9506462812423706,0.0,3.6801764965057373,flip,False,False,,0.0,0.9506462689675977,0.0,0.0,0.9734820279118269,0.32464640303091413,8.111450818014358,1.4703561458782994,9.71165803739064,6.319823615451592,16.39687922086358
67,-25.049717748736757,-0.31745579838752747,-0.02212843857705593,-1.1878515481948853,-0.9930288791656494,-0.038503747433423996,0.10185816884040833,-0.045122258365154266,6.187851428985596,-0.029129697009921074,0.04602154716849327,-8.260812759399414,0.7158557772636414,1.0266947746276855,-0.13183139264583588,-0.6085717678070068,-0.2760447859764099,3.1568591594696045,-8.757135391235352,0.0,0.0,0.0,0.0,0.00437965989112854,0.0,1.0,0.0,0.0,0.0,0.9532607197761536,0.0,3.8121485710144043,flip,False,False,,0.0,0.9532607257428495,0.0,0.0,0.9762842497824424,0.3182261038180496,8.260992700480106,1.2585432724149426,9.308769414656181,6.187851515588991,0.15461925001680848
68,-10.352648888207177,-0.30903586745262146,-0.02761230245232582,-1.054842472076416,-0.9936944842338562,-0.04448358342051506,0.09210816770792007,-0.04591910168528557,6.054842472076416,-0.14450493454933167,0.1367160826921463,-8.240011215209961,0.6280365586280823,1.3177777528762817,0.11906390637159348,-0.4296873211860657,-0.3270533084869385,24.16267204284668,9.468856811523438,0.0,0.0,0.0,0.0,0.6524814963340759,0.0,1.0,0.0,0.0,0.0,0.9566164016723633,0.0,3.945157527923584,flip,False,False,,0.0,0.9566164191368731,0.0,0.0,0.9790738009935979,0.3102669814459589,8.242412487772604,1.4646310955080983,25.951762621433897,6.054842444924363,23.035167597688435
69,-34.71388423175104,-0.3002783954143524,-0.0337444543838501,-0.9210928678512573,-0.9940947890281677,-0.050315968692302704,0.0833236575126648,-0.04796867072582245,5.921092987060547,-0.14546608924865723,0.13475199043750763,-8.390915870666504,1.2720494270324707,0.8466020226478577,0.10282629728317261,-0.12645037472248077,0.08561628311872482,6.389886856079102,41.74694061279297,0.0,0.0,0.0,0.0,1.1920928955078125e-07,0.0,1.0,0.0,0.0,0.0,0.9587723016738892,0.0,4.078907012939453,flip,False,False,,0.0,0.9587722734344752,0.0,0.0,0.9810528008651489,0.30216850502070125,8.393258586910797,1.5314757188413273,42.233134175722434,5.9210928471142426,4.208557605743408e-06
70,-31.800422866006663,-0.2924819588661194,-0.04354856163263321,-0.7857080698013306,-0.993963360786438,-0.06138233095407486,0.07621699571609497,-0.049598757177591324,5.785707950592041,-0.14519111812114716,0.13429319858551025,-8.54124641418457,1.4111992120742798,0.8742398023605347,-0.014948426745831966,-0.13333551585674286,0.6173936724662781,-3.164623737335205,15.224831581115723,0.0,0.0,0.0,0.0,0.00038504600524902344,0.0,1.0,0.0,0.0,0.0,0.96099853515625,0.0,4.214292049407959,flip,False,False,,0.0,0.9609985068628578,0.0,0.0,0.9808462908562608,0.29570622296213156,8.543536349683903,1.66012109608331,15.550252225443078,5.785708071545619,0.013593641066551207
71,-36.740483658442535,-0.2842879891395569,-0.05495216324925423,-0.6483705639839172,-0.9935314059257507,-0.07485421001911163,0.06868313252925873,-0.050742436200380325,5.648370742797852,-0.14500243961811066,0.13210751116275787,-8.691912651062012,2.178208112716675,0.8089796304702759,-0.060576677322387695,-0.35642075538635254,0.7077072262763977,-27.971097946166992,0.5079548358917236,0.0,0.0,0.0,0.0,0.0,0.0,1.0,0.0,0.0,0.0,0.9630585312843323,0.0,4.351629257202148,flip,False,False,,0.0,0.9630585566009835,0.0,0.0,0.9793611093367,0.28955035345437663,8.694126264400891,2.3243725883497235,27.97570979225024,5.648370545136646,0.0
72,-37.1597871887919,-0.27681460976600647,-0.06570188701152802,-0.5089385509490967,-0.9928966164588928,-0.08739372342824936,0.06213714927434921,-0.05155187100172043,5.508938312530518,-0.14566192030906677,0.1353388875722885,-8.841656684875488,0.9409373998641968,0.6607832312583923,-0.05330066755414009,-0.6711925268173218,0.7060335874557495,-7.92936897277832,0.2218371480703354,0.0,0.0,0.0,0.0,4.380941390991211e-06,0.0,1.0,0.0,0.0,0.0,0.9647412300109863,0.0,4.491061687469482,flip,False,False,,0.0,0.9647412272144086,0.0,0.0,0.9770021187207318,0.28450495312457824,8.843892207057968,1.1510163217032632,7.932471639102106,5.508938549274325,0.00015466449201107023
73,-39.69263812472247,-0.2707245945930481,-0.07126022130250931,-0.3664936423301697,-0.9927149415016174,-0.09244133532047272,0.0571269765496254,-0.052040401846170425,5.3664937019348145,-0.1460382491350174,0.1364399492740631,-8.991485595703125,0.4838486611843109,0.532167375087738,-0.018692977726459503,-0.7271223068237305,0.7228759527206421,-0.8495811820030212,1.510125756263733,0.0,0.0,0.0,0.0,0.0,0.0,1.0,0.0,0.0,0.0,0.9660964012145996,0.0,4.6335062980651855,flip,False,False,,0.0,0.9660963802481142,0.0,0.0,0.9763820956400835,0.2799461192962656,8.99370690510447,0.7194866563735299,1.7327053687803557,5.366493640936001,0.0
74,-42.57320010714434,-0.2654303312301636,-0.07536157965660095,-0.22150661051273346,-0.9926392436027527,-0.09535331279039383,0.05313028767704964,-0.05246136337518692,5.221506595611572,-0.146238312125206,0.1367344856262207,-9.141304016113281,0.32662925124168396,0.4343956410884857,-0.012072253040969372,-0.7231078147888184,0.7468209862709045,0.8461558818817139,1.3672294616699219,0.0,0.0,0.0,0.0,0.0,0.0,1.0,0.0,0.0,0.0,0.9672025442123413,0.0,4.778493404388428,flip,False,False,,0.0,0.9672025596842533,0.0,0.0,0.9761697974502559,0.2759214258689583,9.143496570884825,0.543628541644584,1.6078855914379024,5.221506611274148,0.0
75,-48.104912470874055,-0.26069802045822144,-0.07887491583824158,-0.0740891620516777,-0.9925923347473145,-0.09739228338003159,0.04987990856170654,-0.052794359624385834,5.074089050292969,-0.1463647186756134,0.1368389129638672,-9.291025161743164,0.24104735255241394,0.35562217235565186,-0.00988397654145956,-0.7026535868644714,0.766277551651001,1.4763017892837524,1.0328587293624878,0.0,0.0,0.0,0.0,0.0,0.0,1.0,0.0,0.0,0.0,0.9681081175804138,0.0,4.925910949707031,flip,False,False,,0.0,0.9681081441120613,0.0,0.0,0.9760534485461202,0.2723686898193645,9.293185554404946,0.42973090373477313,1.8017392364069913,5.074089161961225,0.0
76,-51.25745932535432,-0.25641438364982605,-0.08197543770074844,0.07574877142906189,-0.9925678372383118,-0.09881483763456345,0.04722791165113449,-0.05304955318570137,4.924251079559326,-0.14645467698574066,0.1369761824607849,-9.440611839294434,0.1442752331495285,0.291652113199234,-0.00857946090400219,-0.6708054542541504,0.7797015905380249,2.7211577892303467,0.6627306938171387,0.0,0.0,0.0,0.0,0.0,0.0,1.0,0.0,0.0,0.0,0.96885085105896,0.0,5.075748920440674,flip,False,False,,0.0,0.9688508301128962,0.0,0.0,0.9760101800728712,0.26919938574961194,9.442741657070494,0.3254994702671095,2.8006984536900745,4.924251229496231,0.0
77,-55.06913190287165,-0.2525174021720886,-0.08458667248487473,0.22803694009780884,-0.9925877451896667,-0.09951343387365341,0.04507936164736748,-0.05323951691389084,4.771963119506836,-0.14650379121303558,0.13702663779258728,-9.590091705322266,0.08055932819843292,0.23887859284877777,-0.005942827556282282,-0.6163784861564636,0.7883303761482239,3.661747455596924,0.4266509711742401,0.0,0.0,0.0,0.0,0.0,0.0,1.0,0.0,0.0,0.0,0.9694591164588928,0.0,5.228036880493164,flip,False,False,,0.0,0.9694591294658366,0.0,0.0,0.9761297980765306,0.2663079958459358,9.592189754815093,0.2521668240642774,3.68651946358979,4.771963060260153,0.0
78,-58.458519369783424,-0.24888008832931519,-0.08729486912488937,0.38266831636428833,-0.9925743341445923,-0.10033806413412094,0.04330645501613617,-0.05341373011469841,4.617331504821777,-0.1464802473783493,0.13668282330036163,-9.73952865600586,0.16429094970226288,0.19564852118492126,-0.00412498926743865,-0.5737559199333191,0.7936318516731262,1.2840063571929932,0.2512832581996918,0.0,0.0,0.0,0.0,0.0,0.0,1.0,0.0,0.0,0.0,0.9699573516845703,0.0,5.382668495178223,flip,False,False,,0.0,0.9699573443386532,0.0,0.0,0.9761137673542952,0.26374550134955227,9.74158933348039,0.2555129696945872,1.3083636728711694,4.617331688352602,0.0
79,-61.905186965999775,-0.24540168046951294,-0.09052135795354843,0.5395618677139282,-0.9924699664115906,-0.10190106183290482,0.04180263355374336,-0.05359206348657608,4.460438251495361,-0.14644114673137665,0.13640426099300385,-9.888833999633789,0.22476211190223694,0.160811647772789,-0.00427667424082756,-0.5751883387565613,0.7953329682350159,-0.9918050169944763,0.016911495476961136,0.0,0.0,0.0,0.0,0.0,0.0,1.0,0.0,0.0,0.0,0.9703668355941772,0.0,5.539561748504639,flip,False,False,,0.0,0.9703668478199156,0.0,0.0,0.97573749079721,0.2615647168754163,9.890859301469854,0.27639949017058596,0.9919491922284884,4.460438103246436,0.0
